settings_1,settings_2,snr,parameter.ID,T,fp_1,fp_2,fp_3,fp_4,fn_1,fn_2,fn_3,fn_4,mse_1,mse_2,mse_3,mse_4,compTime_1,compTime_2,compTime_3,compTime_4,converged_1,converged_2,converged_3,converged_4
20,0.01,1.25749099656444,1,500,17,11,13,7,2,0,2,2,9.23028668890086e-05,5.67469998136598e-06,9.22894490391818e-05,9.22452227462142e-05,55.213393,221.859617,48.189206,229.093778,0,0,0,0
20,0.01,0.750626391202498,1,500,11,5,10,4,2,2,2,2,9.40641647793729e-05,9.38423928086978e-05,9.40398865457687e-05,9.37712467218258e-05,55.084566,223.867752,58.029395,233.21972,0,0,0,0
20,0.01,1.22546969005819,1,500,20,14,18,7,0,0,0,2,2.53913398313548e-05,2.23467821414822e-05,2.46062228672214e-05,9.80319107626724e-05,54.347683,242.242162,58.183373,211.920643,0,0,0,0
20,0.01,0.950670910664195,1,500,11,5,10,1,2,2,2,2,0.000118108945442582,0.000117971466729822,0.000118095305156436,0.000117397384813996,58.93375,233.896559,50.995817,228.490333,0,0,0,0
20,0.01,1.21893359826291,1,500,16,5,13,3,2,2,2,2,0.000102148392813375,9.86481930854931e-05,0.000102141013997812,9.85570275782684e-05,60.910382,243.322598,51.104041,190.691266,0,0,0,0
20,0.01,1.2655287609256,1,1000,27,18,13,6,0,0,2,2,2.42604750314992e-05,2.25425900021465e-05,9.58281027357536e-05,9.56020649830019e-05,81.711798,316.52852,72.418576,284.764482,0,0,0,0
20,0.01,0.763390793040345,1,1000,8,4,7,4,1,1,1,1,3.78923199658355e-05,3.78020075203367e-05,3.78755051664108e-05,3.78020075203367e-05,78.254465,320.733524,72.234088,281.781143,0,0,0,0
20,0.01,1.06130222833366,1,1000,28,16,18,6,0,0,1,1,9.34651465720055e-05,4.49973909193953e-05,5.91462883226585e-05,5.72776203911261e-05,76.431775,301.968792,76.612723,286.824906,0,0,0,0
20,0.01,1.02261639144278,1,1000,15,7,12,7,0,1,1,1,2.23230287675958e-06,2.75482087359503e-05,2.75778484339655e-05,2.75460782780104e-05,90.502198,310.099975,84.147054,290.803299,0,0,0,0
20,0.01,0.994018088512086,1,1000,16,11,8,1,1,0,2,2,3.14714676149964e-05,4.40067676588617e-06,9.21674353199913e-05,9.20730637628057e-05,68.476084,297.809693,72.401705,270.806132,0,0,0,0
20,0.01,0.923677673458296,1,2000,17,7,11,2,0,0,1,1,7.52623296460746e-07,2.61297954734587e-07,2.73383247463056e-05,2.72962715262045e-05,156.653861,573.378367,130.580904,482.473408,0,0,0,0
20,0.01,1.14349523479319,1,2000,13,8,11,5,0,0,0,0,1.54435455920431e-06,1.53677014497673e-06,1.54317510716179e-06,1.54191667520064e-06,141.204412,557.740986,130.050911,488.56008,0,0,0,0
20,0.01,1.12503785241456,1,2000,15,4,16,1,0,0,0,0,6.80621909669736e-06,6.71221049955197e-06,6.80659424641228e-06,6.70137679035001e-06,162.951695,542.331319,133.819949,544.197809,0,0,0,0
20,0.01,1.24920341635508,1,2000,16,9,13,7,1,0,1,1,2.73684852330585e-05,5.772783582912e-07,2.73674581374239e-05,2.73567984787449e-05,182.684004,602.073218,144.690438,524.242128,0,0,0,0
20,0.01,0.947846837259795,1,2000,18,8,8,6,0,0,0,0,2.19604956835998e-06,8.76372206272785e-07,1.44852762182344e-06,8.66747216995788e-07,160.290547,607.142493,169.399384,491.195899,0,0,0,0
20,0.02,0.563756771819004,2,500,12,9,12,5,2,2,2,2,5.44318772755279e-05,5.43379861073017e-05,5.44318772755279e-05,5.40579631793786e-05,35.581902,188.351347,40.70489,195.705244,0,0,0,0
20,0.02,0.515286775954402,2,500,12,7,10,5,2,2,2,2,6.13651186640675e-05,6.08949109103562e-05,6.1240030650723e-05,6.06214224564674e-05,47.225666,218.373284,36.581308,177.299507,0,0,0,0
20,0.02,0.652506120714076,2,500,15,6,18,2,2,2,2,2,8.73301398349403e-05,8.34363702620557e-05,8.72897264652525e-05,8.40306584381779e-05,44.115858,183.102981,35.568901,172.289306,0,0,0,0
20,0.02,0.563777567826387,2,500,10,6,10,1,2,2,2,2,8.42674033497371e-05,8.39826542438899e-05,8.42674033497371e-05,7.81922271544737e-05,42.051233,181.998822,42.836734,177.368241,0,0,0,0
20,0.02,0.550036097659904,2,500,14,8,13,7,1,1,1,1,4.01460596697602e-05,4.00551698492625e-05,4.01292419145584e-05,3.99571464245285e-05,34.003148,190.364465,41.680831,173.398343,0,0,0,0
20,0.02,0.641134331123943,2,1000,14,8,11,6,1,1,1,0,4.60837611617299e-05,4.33112529691847e-05,4.33935864052288e-05,3.48753056007119e-05,70.450627,288.417583,69.367994,246.335613,0,0,0,0
20,0.02,0.546768994178542,2,1000,18,13,12,3,1,1,1,1,9.17216311462617e-05,9.99221701444673e-05,5.467988652047e-05,3.19503251687169e-05,64.208046,327.823529,65.413408,289.194902,0,0,0,0
20,0.02,0.510910752596031,2,1000,8,2,10,1,1,1,1,1,6.77011696670495e-05,6.64547681831351e-05,6.77302747275682e-05,6.64101351687775e-05,58.719604,286.281361,58.046308,259.692362,0,0,0,0
20,0.02,0.703033938283807,2,1000,17,6,18,6,1,1,1,1,1.51114292549297e-05,1.49419757624196e-05,1.5106535855837e-05,1.49514077040727e-05,72.258811,304.363921,65.154771,290.026751,0,0,0,0
20,0.02,0.625568561415209,2,1000,10,8,13,8,3,1,1,1,0.000179511900581401,4.66278712773291e-05,2.62145869349149e-05,4.66278712773291e-05,73.412399,286.776685,60.17956,259.56864,0,0,0,0
20,0.02,0.566289389068532,2,2000,13,8,11,4,0,0,0,0,6.09842957708055e-06,1.64271765658094e-05,5.84843154703001e-06,5.75577655842726e-06,135.675052,600.038343,114.251122,513.381812,0,0,0,0
20,0.02,0.551965169991854,2,2000,11,4,11,4,1,1,1,1,1.24770878902908e-05,1.2403932421852e-05,1.24770878902908e-05,1.24162089200886e-05,133.207138,549.38303,147.190203,503.594572,0,0,0,0
20,0.02,0.576658197233101,2,2000,17,8,11,6,0,0,0,0,1.69292793808497e-05,1.68315634613192e-05,1.67545811821395e-05,1.67175526568106e-05,135.67241,641.362304,115.714011,547.271544,0,0,0,0
20,0.02,0.593852312662521,2,2000,9,1,12,3,1,1,0,0,2.13855119386218e-05,2.13818146782764e-05,1.52197248677139e-05,1.2885148379392e-05,142.35948,494.893257,110.04912,516.454792,0,0,0,0
20,0.02,0.508815443233165,2,2000,8,1,4,1,1,1,1,1,2.5907437047155e-05,2.58225841393594e-05,2.58608250653212e-05,2.58225841393594e-05,119.110612,547.115279,133.415726,514.471839,0,0,0,0
20,0.05,0.687567301110009,3,500,14,6,6,2,2,2,2,2,0.00113727212523739,0.001133858367505,0.00112753953271089,0.00110314884684247,26.534208,161.525697,38.717373,181.515899,0,0,0,0
20,0.05,0.705261544045892,3,500,16,3,5,3,2,2,2,2,0.00105820269523201,0.00101701489686903,0.000985368501218393,0.000984064476573628,34.262378,189.24848,37.899707,157.872858,0,0,0,0
20,0.05,0.678310493629963,3,500,16,6,11,4,2,2,2,2,0.00119783769588193,0.00118563396870825,0.00118942243346234,0.00116409383276545,30.071346,159.158109,30.036588,161.378641,0,0,0,0
20,0.05,0.67848149528918,3,500,11,2,8,3,2,2,2,2,0.00119373256275844,0.00118195042684342,0.00119015002427728,0.00118220529565196,33.718614,180.202403,35.383339,175.965261,0,0,0,0
20,0.05,0.732499587778124,3,500,15,7,13,4,2,2,2,2,0.00119973954918841,0.00118145907157202,0.00119824698387602,0.00114510651583758,34.947552,174.18376,31.057151,162.124179,0,0,0,0
20,0.05,0.66668800413354,3,1000,7,3,2,1,2,2,2,2,0.000976201731496453,0.000975395877996149,0.00097277856852027,0.000972128587336001,42.328437,213.254079,47.836715,215.898942,0,0,0,0
20,0.05,0.669553614652926,3,1000,7,1,3,1,2,2,2,2,0.000956861978446154,0.000954335131240024,0.000955089627914184,0.000954335131240024,53.9961,218.460384,48.185606,241.395919,0,0,0,0
20,0.05,0.678089118601507,3,1000,8,1,5,0,2,2,2,2,0.000981288274289038,0.000981475202276095,0.000981267320844478,0.000981354873304585,51.65791,242.554327,52.058676,221.025999,0,0,0,0
20,0.05,0.646656757282626,3,1000,6,2,5,2,2,2,2,2,0.000934768861966989,0.000927343421311176,0.000928838941385878,0.000927343421311176,48.906609,228.873093,45.56496,221.401649,0,0,0,0
20,0.05,0.721830411727309,3,1000,7,2,2,1,2,2,2,2,0.000978893148009475,0.000978436714206372,0.000978436714206372,0.000974245298467106,51.484119,262.320354,47.449941,217.251492,0,0,0,0
20,0.05,0.671141159668912,3,2000,19,9,13,6,0,0,1,1,3.72910108682934e-05,4.26346731528235e-05,6.35605131030625e-05,6.26422147610808e-05,82.931445,405.054865,85.924674,343.460922,0,0,0,0
20,0.05,0.695978146730512,3,2000,5,7,1,3,2,1,2,1,0.000925280237587278,8.10004915316681e-05,0.000925127643167047,7.10206507459331e-05,103.116081,413.813128,81.858256,320.848058,0,0,0,0
20,0.05,0.682195202773371,3,2000,17,4,6,0,1,1,1,1,0.000164044334208032,0.000147125341290752,0.00015170287183021,0.000137692618539596,81.30946,390.859213,87.992136,387.83024,0,0,0,0
20,0.05,0.680103305417399,3,2000,25,15,23,9,0,0,1,1,5.94527038341086e-05,4.88417843003867e-05,7.7744536644018e-05,7.37529417137134e-05,114.174473,500.626964,116.427116,423.524106,0,0,0,0
20,0.05,0.689239973920432,3,2000,4,12,1,2,2,0,2,2,0.000915111987442471,4.34634980681712e-05,0.000914016401319761,0.000914846415769882,101.490487,411.42513,81.298215,391.550815,0,0,0,0
20,0.01,0.876011916143722,4,500,12,5,8,5,0,0,0,0,1.58422551626338e-05,1.35300374941216e-05,1.57880380142027e-05,1.35300374941216e-05,45.993975,207.666411,47.149595,189.132096,0,0,0,0
20,0.01,0.809659013957239,4,500,13,7,8,6,0,0,0,0,5.371506382468e-05,5.41318876519338e-05,5.4169454268563e-05,5.40940652630185e-05,49.27197,203.007487,46.890792,192.337694,0,0,0,0
20,0.01,0.749866021208635,4,500,7,3,5,3,0,0,0,0,2.91708701473828e-05,2.86534160731953e-05,2.90968986639506e-05,2.86534160731953e-05,46.17482,200.708259,43.474349,189.268167,0,0,0,0
20,0.01,0.629370853907523,4,500,8,3,6,4,0,0,0,0,2.84480473432148e-05,2.7882903710128e-05,2.83277995245354e-05,2.80960585039828e-05,42.291857,195.320069,41.752147,168.503233,0,0,0,0
20,0.01,0.657257021932882,4,500,8,3,6,2,0,0,0,0,1.46005160371859e-05,1.42584441714932e-05,1.45025194753392e-05,1.41400132313846e-05,40.453652,177.037466,40.596335,186.01717,0,0,0,0
20,0.01,0.672453040920182,4,1000,9,5,1,4,0,0,0,0,4.72058797887668e-05,4.70913471902954e-05,4.70200764681064e-05,4.70830419651182e-05,69.343021,278.548836,57.572555,255.03471,0,0,0,0
20,0.01,0.909361180006892,4,1000,10,13,15,2,0,0,0,0,8.29811377297405e-06,2.84723017716193e-05,2.84887536157934e-05,7.85471607791051e-06,75.679607,297.397282,73.813033,267.444901,0,0,0,0
20,0.01,0.626335334116884,4,1000,4,3,4,3,0,0,0,0,1.91655904534535e-05,1.91449869713127e-05,1.91655904534535e-05,1.91449869713127e-05,69.713862,268.291275,65.86433,281.249291,0,0,0,0
20,0.01,0.753557293934128,4,1000,5,4,5,4,0,0,0,0,2.02186529687436e-05,2.01989025017773e-05,2.02186529687436e-05,2.01989025017773e-05,71.24073,264.125156,62.75454,251.198436,0,0,0,0
20,0.01,0.716430699174414,4,1000,7,3,3,2,0,0,0,0,1.13227675694725e-05,1.11617720991491e-05,1.11617720991491e-05,1.11405908282911e-05,68.059854,282.873661,59.867971,280.559141,0,0,0,0
20,0.01,0.789079087185655,4,2000,11,5,9,3,0,0,0,0,9.29595675423808e-06,9.42347718093456e-06,9.29036261295525e-06,9.37347989500084e-06,145.57717,482.798677,139.962663,527.410082,0,0,0,0
20,0.01,0.97072443473809,4,2000,10,3,3,1,0,0,0,0,7.53115246727513e-06,7.54992334669198e-06,7.54992334669198e-06,7.54285373612778e-06,162.694743,529.803519,134.216388,548.483615,0,0,0,0
20,0.01,0.972111892908425,4,2000,3,1,1,0,0,0,0,0,6.20241687160801e-06,6.19516775243662e-06,6.19516775243662e-06,6.18862091845468e-06,164.214166,571.063537,101.35547,440.203341,0,0,0,0
20,0.01,0.802972685306355,4,2000,9,4,8,0,0,0,0,0,1.1801214433513e-05,1.13372380724484e-05,1.17936379123343e-05,1.12500430233951e-05,148.774668,542.799444,134.53166,479.335764,0,0,0,0
20,0.01,0.803844327679327,4,2000,7,4,4,3,0,0,0,0,3.71292965947681e-06,3.69182670834549e-06,3.69182670834549e-06,3.57242941369256e-06,150.624943,517.251756,115.854431,452.964162,0,0,0,0
20,0.02,0.776565324691011,5,500,15,6,8,3,4,4,4,4,0.000168846188361887,0.000159415647905001,0.000158818003521926,0.000159291037977669,36.375992,175.683925,38.556941,190.315634,0,0,0,0
20,0.02,0.776664234646119,5,500,11,10,7,4,4,3,4,4,0.000150731404405651,5.92187230469122e-05,0.000150867708126746,0.000150713726134518,51.258085,212.224557,52.193808,206.844334,0,0,0,0
20,0.02,1.12738480495899,5,500,14,8,15,4,3,3,3,3,4.65136056478885e-05,4.68045601958964e-05,4.65144678693793e-05,4.40486142459113e-05,40.9344,194.838965,48.458447,208.328125,0,0,0,0
20,0.02,0.686920065668491,5,500,10,4,13,4,4,4,2,4,0.000190852150586972,0.000190645799092798,6.37942600263662e-05,0.00019066707270475,42.75803,196.334603,40.692675,159.98559,0,0,0,0
20,0.02,1.00201895076694,5,500,17,7,15,4,3,3,3,4,4.49259876397646e-05,4.3754583354559e-05,4.39450076414309e-05,0.00015679412752571,38.396316,174.813914,45.033526,192.62767,0,0,0,0
20,0.02,1.05752856108391,5,1000,13,6,14,4,3,3,3,3,3.20376789004756e-05,3.04991509164396e-05,3.20386395080588e-05,3.04811435055972e-05,76.868365,291.939226,66.840203,252.172425,0,0,0,0
20,0.02,1.0061112997914,5,1000,15,16,14,5,3,2,3,3,2.44115459029646e-05,6.50568052501053e-05,2.44153589187876e-05,2.43560342543964e-05,65.991233,304.851011,67.965211,278.405466,0,0,0,0
20,0.02,0.952033152423505,5,1000,16,11,16,9,3,3,3,3,3.29509115156946e-05,3.18609391484024e-05,3.29509115156946e-05,3.18444156392644e-05,69.302306,283.590092,73.60678,275.732428,0,0,0,0
20,0.02,1.16881642734911,5,1000,18,11,16,8,2,2,2,2,2.57549757953272e-05,2.57851590535089e-05,2.57978590302424e-05,2.57737854141271e-05,81.781004,310.638728,82.341733,310.795793,0,0,0,0
20,0.02,0.99568306392311,5,1000,14,11,13,9,3,3,3,3,8.95633411904118e-05,9.03883482583535e-05,8.95600519683898e-05,8.95204765976664e-05,88.251698,329.221743,78.111523,310.026055,0,0,0,0
20,0.02,1.10189167310389,5,2000,16,7,12,6,2,2,2,2,4.4275172497331e-05,3.51677169854313e-05,3.51777366491312e-05,3.51721001573045e-05,186.34152,623.009378,120.717294,431.823047,0,0,0,0
20,0.02,0.942993756461733,5,2000,17,8,15,3,2,2,2,2,2.11419987410876e-05,2.97663537101865e-05,2.11395274079212e-05,2.10042373408172e-05,165.421149,537.593987,135.553622,532.503361,0,0,0,0
20,0.02,0.97644288069496,5,2000,14,10,9,8,2,2,3,2,2.90130957254242e-05,2.90029161300583e-05,3.24177334699858e-05,2.90148669441601e-05,129.803289,516.693003,121.722549,473.499791,0,0,0,0
20,0.02,0.957761209784632,5,2000,16,11,16,11,2,2,2,2,2.05646713379966e-05,2.04744800265836e-05,2.05646713379966e-05,2.83421157567286e-05,148.777158,523.51284,124.979443,466.741507,0,0,0,0
20,0.02,0.838080415586539,5,2000,13,12,9,7,3,2,3,3,3.27581613405667e-05,2.10142634430542e-05,3.27499130949361e-05,3.2737720109317e-05,147.602282,543.831662,131.622363,484.630045,0,0,0,0
20,0.05,0.991644185615595,6,500,13,2,15,6,16,4,8,3,0.0153264041463803,0.000329404794180714,0.00352586285294526,0.000305013732087292,58.477901,184.435542,67.925819,179.967649,0,0,0,0
20,0.05,0.527572545403482,6,500,11,2,4,1,4,4,5,4,0.000712914172938098,0.000702381294178686,0.000985876791074142,0.000693519512698823,25.884089,170.082916,31.633063,177.491211,0,0,0,0
20,0.05,0.506897963522097,6,500,9,5,7,3,3,3,4,3,0.000392952877258467,0.00037646586631461,0.000744675376010292,0.000375694385441126,41.376312,163.735023,27.922436,138.885072,0,0,0,0
20,0.05,0.553828095792032,6,500,14,10,14,2,4,2,4,7,0.000713488568613,0.000414807034413243,0.000713488568613,0.00130909746455639,32.374382,156.785538,34.220549,139.054896,0,0,0,0
20,0.05,0.51972551387211,6,500,8,6,9,3,3,3,3,3,0.000411541936470358,0.000418236141987498,0.000411153013984626,0.000417284566604492,29.981498,147.781496,28.350946,151.138101,0,0,0,0
20,0.05,0.601328939844304,6,1000,14,10,14,8,0,0,0,0,0.000117118110110706,0.000115667548679757,0.000120409763345575,0.000110108337785982,45.825277,205.397469,41.002324,196.110557,0,0,0,0
20,0.05,0.51521200969598,6,1000,21,6,12,7,1,3,3,3,0.000408379446065296,0.000382151237655176,0.000382511249077747,0.000406516308768593,43.552758,223.875028,38.729455,214.772032,0,0,0,0
20,0.05,0.555755948991567,6,1000,15,13,15,6,2,1,3,2,0.000178798091251651,0.000174075804268101,0.000217523568220971,0.000191482496781869,43.85601,231.370886,39.3727,187.330989,0,0,0,0
20,0.05,0.513007013094838,6,1000,13,5,9,4,3,3,3,3,0.000271548223406023,0.000269888022550624,0.000270363863316853,0.000269463150930916,37.41675,193.069723,39.476428,205.412179,0,0,0,0
20,0.05,0.535588915508217,6,1000,14,10,11,8,2,2,2,2,0.000268825334069732,0.00026804364133883,0.000257631183103075,0.000266658218584191,48.521852,219.343679,40.567449,214.033462,0,0,0,0
20,0.05,0.543161702349513,6,2000,10,6,8,3,2,2,2,2,0.000150704936753745,0.000150617218837655,0.000149278947895497,0.000150624371302137,83.96915,394.615429,78.657058,384.745156,0,0,0,0
20,0.05,0.554250047240523,6,2000,16,9,11,6,1,1,1,1,0.000130856896506391,0.000127419156378796,0.000127456503282959,0.000127496090940298,113.170297,470.79411,77.690111,404.651873,0,0,0,0
20,0.05,0.532090612465879,6,2000,24,16,8,11,0,0,2,0,0.000149293432230164,0.000141669120389572,0.000173796878731299,0.000140204381666796,107.326013,385.946456,68.467941,337.055586,0,0,0,0
20,0.05,0.511855134792483,6,2000,5,3,3,2,3,3,3,3,0.000158990240386201,0.00015915796362075,0.00015915796362075,0.000159145980770074,85.853215,348.450418,79.618417,312.38154,0,0,0,0
20,0.05,0.523989901128259,6,2000,9,3,2,1,3,3,3,3,0.000169838358705644,0.000169682759582003,0.000169617992947964,0.000169593286216814,83.705929,359.768803,76.307035,353.88935,0,0,0,0
20,0.01,0.689297152402248,7,500,9,4,9,5,0,0,0,0,8.59906203738976e-06,8.43731757379661e-06,8.59906203738976e-06,3.70811706015331e-05,51.132482,205.189277,53.203319,192.506915,0,0,0,0
20,0.01,1.20232531752582,7,500,15,6,1,0,0,0,2,2,9.87419444707428e-06,9.89495533957792e-06,0.00227323442498173,0.00227322502550037,46.904554,206.289411,56.88621,219.423003,0,0,0,0
20,0.01,0.541984043550534,7,500,6,2,6,1,0,0,0,0,5.56163313885407e-06,5.22882715479507e-06,5.56163313885407e-06,4.98071746492071e-06,43.779193,198.884094,43.64501,170.6129,0,0,0,0
20,0.01,0.595506579878162,7,500,10,1,7,1,0,0,0,0,2.77433142000926e-05,2.97917165653002e-05,3.03659639252365e-05,2.97917165653002e-05,37.094815,181.111556,39.548664,173.562356,0,0,0,0
20,0.01,0.626706482076604,7,500,10,3,6,0,0,0,0,0,4.04385039128517e-06,3.74490782587982e-06,3.94478532758662e-06,3.45276150159597e-06,39.085109,185.343287,46.027055,194.195518,0,0,0,0
20,0.01,0.908990970311066,7,1000,12,7,11,6,0,0,0,0,1.70236601946714e-06,1.6713544883594e-06,1.69997234655428e-06,1.66253560927019e-06,87.173026,315.256009,75.116722,278.663574,0,0,0,0
20,0.01,0.76609357562483,7,1000,14,10,10,5,0,0,0,0,6.72275609522238e-06,5.7002160177971e-06,3.29569233247052e-06,3.21186533359439e-06,80.828847,297.466164,69.73706,287.551677,0,0,0,0
20,0.01,0.685069586974103,7,1000,16,2,6,2,0,0,0,0,7.99341359296263e-06,5.43351124379841e-06,5.54767791196241e-06,5.43351124379841e-06,78.022176,306.756973,76.522102,289.925794,0,0,0,0
20,0.01,0.676519056039388,7,1000,8,3,8,2,0,0,0,0,1.74599202299441e-06,1.64809562161979e-06,1.7426185007865e-06,1.60932643548442e-06,83.093865,309.110094,84.671193,332.598183,0,0,0,0
20,0.01,0.767619075010699,7,1000,7,2,3,8,0,0,0,0,3.92022570747769e-06,3.77336844196209e-06,3.84606276104874e-06,4.49201922220061e-06,79.398014,340.093769,88.968808,332.574649,0,0,0,0
20,0.01,0.687228567525708,7,2000,3,1,2,1,0,0,0,0,4.20845629172298e-06,4.17018533163971e-06,4.19006126365072e-06,4.17018533163971e-06,194.607122,683.485009,174.273865,733.99077,0,0,0,0
20,0.01,0.828587365551223,7,2000,4,1,1,1,0,0,0,0,6.96501447151496e-06,6.95453203370318e-06,6.95453203370318e-06,6.95453203370318e-06,207.447376,809.10167,184.773656,712.815803,0,0,0,0
20,0.01,0.691826573292072,7,2000,2,0,0,0,0,0,0,0,1.28268542032155e-06,1.23321483943452e-06,1.23321483943452e-06,1.23321483943452e-06,213.867436,811.900217,174.808251,891.454729,0,0,0,0
20,0.01,0.707267850696086,7,2000,13,1,3,0,0,0,0,0,9.9763195630073e-06,9.80036002387969e-06,9.84986425090475e-06,9.76721296030618e-06,267.161761,1009.793479,207.411086,869.243877,0,0,0,0
20,0.01,0.920322293902453,7,2000,9,4,3,5,0,0,0,0,8.82120000204791e-06,8.82127198021485e-06,8.81195015827504e-06,8.82708961497489e-06,266.945882,1026.134581,192.73241,950.114998,0,0,0,0
20,0.02,1.25973326779573,8,500,27,13,22,6,2,2,2,3,6.79057153688095e-05,6.19465246207357e-05,6.28977766185223e-05,0.000154240978680968,67.522778,275.231222,62.606153,236.88439,0,0,0,0
20,0.02,1.18639287354663,8,500,17,11,16,8,2,2,2,2,0.000109496396821819,0.000107805640174983,0.000107572970572375,0.000107753023232724,64.067962,264.499474,57.554157,229.084047,0,0,0,0
20,0.02,1.27626216051205,8,500,31,24,25,8,2,2,2,3,0.000244273046042646,0.000243191873736896,0.000141806284809477,0.000178048275806499,56.642806,247.417088,58.609948,221.336837,0,0,0,0
20,0.02,0.940399177687622,8,500,17,6,15,9,3,3,3,2,0.000162774466373205,0.000154831085763162,0.000161647585435824,7.65167010296355e-05,50.973844,219.486206,49.739476,209.735076,0,0,0,0
20,0.02,1.32876537023495,8,500,13,7,13,6,2,2,2,2,7.94037016762423e-05,7.91374507032689e-05,7.94037016762423e-05,7.72226984104428e-05,50.36284,242.511214,56.891527,236.759453,0,0,0,0
20,0.02,1.20971412378794,8,1000,15,9,16,8,2,2,2,2,6.9310274369373e-05,6.9364411302062e-05,6.93108303558529e-05,6.93614621119963e-05,94.567768,340.166853,89.528411,336.040842,0,0,0,0
20,0.02,1.15917308847735,8,1000,15,13,15,8,2,2,2,2,4.43757582811612e-05,4.43599972833324e-05,4.43757582811612e-05,4.43105489574217e-05,93.38176,366.954582,88.313458,369.391411,0,0,0,0
20,0.02,1.17876033347999,8,1000,21,13,18,11,2,2,2,2,5.02645704856453e-05,4.92263404573504e-05,4.99253419659679e-05,4.91908496121616e-05,94.079045,350.124763,89.173319,369.082748,0,0,0,0
20,0.02,1.2782440757921,8,1000,15,5,11,3,2,2,2,2,5.08237169145183e-05,5.05667647952648e-05,5.06325196012261e-05,5.05372046053288e-05,102.890053,396.966079,103.312,365.274889,0,0,0,0
20,0.02,1.40641365597306,8,1000,13,6,12,7,2,2,2,2,4.27567377918299e-05,4.12372948366136e-05,4.13651972369885e-05,3.98708394472327e-05,109.082642,368.618822,98.822621,348.934111,0,0,0,0
20,0.02,1.26793695326713,8,2000,8,2,6,1,2,2,2,2,4.88183761227376e-05,4.88187287021981e-05,4.88146221045366e-05,4.88120769413508e-05,205.911981,840.40992,183.503412,773.34893,0,0,0,0
20,0.02,1.3664554943619,8,2000,12,6,11,5,2,2,2,2,5.77557972271384e-05,5.77324415723135e-05,5.77545801908215e-05,5.77312629433434e-05,247.395577,1060.640417,179.283397,659.265636,0,0,0,0
20,0.02,1.40892990132055,8,2000,13,11,10,3,2,1,2,2,6.14101806838514e-05,5.16208233569739e-05,6.14612496168098e-05,6.1610425664164e-05,194.515711,727.539887,192.707825,666.354233,0,0,0,0
20,0.02,1.35481504296443,8,2000,13,4,11,3,2,2,2,2,3.9725714620609e-05,3.97253854873688e-05,3.97233422192037e-05,3.97211813269535e-05,231.611206,847.79045,222.77271,911.651913,0,0,0,0
20,0.02,1.49452211078727,8,2000,31,15,26,11,1,1,1,1,3.33257703690213e-05,3.16190905875466e-05,3.12978331553797e-05,2.97589248747315e-05,239.541198,1107.138432,227.974881,915.456057,0,0,0,0
20,0.05,1.0594695562716,9,500,14,13,10,8,4,2,5,2,0.00275917320218336,0.00131946271746936,0.00376822903423695,0.00131090671092022,43.437712,214.528365,76.893684,200.524827,0,0,0,0
20,0.05,1.25968997458834,9,500,46,7,22,6,1,4,3,3,0.000516591973117478,0.00275031968819241,0.00266793986682399,0.0026401606926547,46.690071,204.291237,46.320195,193.229537,0,0,0,0
20,0.05,0.998127636511387,9,500,19,7,17,2,1,1,1,1,0.000583050656084831,0.000569109872053354,0.000588117467743455,0.000556052876940207,41.988888,194.75732,41.730574,188.092151,0,0,0,0
20,0.05,1.10924426141561,9,500,13,13,13,8,8,1,7,1,0.00714059492570366,0.000354440601959241,0.00703185503739019,0.000344955262743438,52.027226,205.824263,59.474414,199.561692,0,0,0,0
20,0.05,0.772791240133641,9,500,15,4,7,3,2,2,2,2,0.00158316879024086,0.00155436797555835,0.0015511797588971,0.00155500635600812,33.280275,170.080423,35.381162,171.987975,0,0,0,0
20,0.05,1.10509518048688,9,1000,21,10,19,7,1,1,1,1,0.000200205061570406,0.000183236931461507,0.000187926971839945,0.000182893540469524,58.540242,297.554779,69.389653,292.449186,0,0,0,0
20,0.05,1.01054334937743,9,1000,20,4,9,3,1,1,1,1,0.000181880595780602,0.00016869043132635,0.000169861328600796,0.000167940678665059,61.917249,280.352321,62.130568,282.349068,0,0,0,0
20,0.05,1.05281994381552,9,1000,13,7,7,3,1,1,1,1,0.000205826148925935,0.000202595269912701,0.000202758731891638,0.000202363666767947,65.864714,288.773774,64.190014,287.508109,0,0,0,0
20,0.05,1.25119532714895,9,1000,27,10,26,4,1,1,1,1,0.000260278864428266,0.000237684060559233,0.000258458782161902,0.000234431507377908,67.188914,304.796784,66.747586,315.171075,0,0,0,0
20,0.05,1.09805498713498,9,1000,28,12,26,9,1,1,1,1,0.000241582963577233,0.000222285774952057,0.00023655499349056,0.000222125458756087,70.860655,301.584695,66.677542,298.451515,0,0,0,0
20,0.05,1.00025315405642,9,2000,19,4,16,3,1,1,1,1,0.000188387383747305,0.000180091800820916,0.000187125610960487,0.000180072338267992,163.045175,709.888389,156.338835,698.15712,0,0,0,0
20,0.05,0.949676940695827,9,2000,9,3,4,0,1,1,1,1,0.000158244340650194,0.000157168104449845,0.000157690756520555,0.000157029356473509,169.355478,745.216345,162.413953,661.406137,0,0,0,0
20,0.05,1.10759763877053,9,2000,11,7,12,6,2,1,1,1,0.00127502434626264,0.000238555904622591,0.000239268513410396,0.000238559990889291,205.233804,842.408441,181.42501,562.404466,0,0,0,0
20,0.05,1.12293037849259,9,2000,16,4,11,2,1,1,1,1,0.000184639079109496,0.000176828685059905,0.000178079012262206,0.000176799125075101,125.56656,592.072776,151.39973,612.963452,0,0,0,0
20,0.05,1.0497430105416,9,2000,12,5,9,3,1,1,1,1,0.000148365662428548,0.000147566970212917,0.000148007957962306,0.000147469051637917,218.256831,700.452839,195.080456,795.726144,0,0,0,0
20,0.01,0.525191632702748,10,500,8,4,4,4,1,1,1,1,1.21518437528669e-05,1.13904355655178e-05,1.13904355655178e-05,1.13904355655178e-05,42.696301,208.308259,41.817436,190.764042,0,0,0,0
20,0.01,0.610287083806785,10,500,7,3,8,2,1,1,1,1,7.64546538686725e-05,7.61594535725159e-05,7.6475044622565e-05,7.60858701355151e-05,47.194304,208.686493,46.149493,218.1443,0,0,0,0
20,0.01,0.607094875416046,10,500,5,2,2,2,1,1,1,1,6.79128467702756e-06,6.60374493578303e-06,6.60374493578303e-06,6.60374493578303e-06,48.769234,217.487372,43.929418,196.126064,0,0,0,0
20,0.01,0.571151535480208,10,500,6,1,1,0,1,1,1,1,4.8294168594342e-05,4.63166956613757e-05,4.63166956613757e-05,4.60328547409798e-05,42.208052,202.771554,43.944499,192.293031,0,0,0,0
20,0.01,0.646776669908851,10,500,11,3,12,0,1,1,1,1,2.63888058640573e-05,2.60787182744967e-05,2.63931934999617e-05,2.57328875303472e-05,41.68218,203.474476,47.465828,206.035708,0,0,0,0
20,0.01,0.568588183202045,10,1000,1,1,1,1,1,1,1,1,2.34464030278776e-05,2.34464030278776e-05,2.34464030278776e-05,2.34464030278776e-05,89.304203,357.513048,76.959236,348.525366,0,0,0,0
20,0.01,0.606065529452526,10,1000,12,2,4,1,1,1,1,1,1.03748540322539e-05,1.02538009505929e-05,1.01995733989342e-05,1.0258582172797e-05,89.347518,372.546948,84.377402,358.45469,0,0,0,0
20,0.01,0.70923214131937,10,1000,11,3,2,3,1,1,1,1,2.70473792478885e-05,2.84454571187826e-05,2.84342329960884e-05,2.84450378611319e-05,88.634196,354.073792,76.779304,334.941151,0,0,0,0
20,0.01,0.501486205969817,10,1000,2,0,0,0,1,1,1,1,2.44476031640068e-06,2.17394519029013e-06,2.17394519029013e-06,2.17394519029013e-06,88.1906,350.169938,80.022815,318.442627,0,0,0,0
20,0.01,0.530585509197083,10,1000,4,3,4,1,1,1,1,1,1.13005447496495e-05,1.12276552990599e-05,1.13005447496495e-05,1.09689002443334e-05,92.051072,352.912616,77.285226,349.035252,0,0,0,0
20,0.01,0.549494532062337,10,2000,0,0,0,0,1,1,1,1,3.31650775338895e-06,3.31650775338895e-06,3.31650775338895e-06,3.31650775338895e-06,226.326583,1046.701685,190.364261,891.484014,0,0,0,0
20,0.01,0.516877990300717,10,2000,1,1,1,1,1,1,1,1,1.78200799597583e-05,1.78200799597583e-05,1.78200799597583e-05,1.78200799597583e-05,237.764193,1045.946967,165.493131,612.918072,0,0,0,0
20,0.01,0.501802640047377,10,2000,0,0,0,0,1,1,1,1,1.561325403405e-05,1.561325403405e-05,1.561325403405e-05,1.561325403405e-05,193.586247,677.454648,170.916413,722.32821,0,0,0,0
20,0.01,0.536267612205473,10,2000,1,0,0,0,1,1,1,1,3.13180997083969e-06,3.0220757053235e-06,3.0220757053235e-06,3.0220757053235e-06,223.190511,821.288458,164.003277,943.385919,0,0,0,0
20,0.01,0.503416191574527,10,2000,0,0,0,0,1,1,1,1,1.44347687997452e-05,1.44347687997452e-05,1.44347687997452e-05,1.44347687997452e-05,216.873348,1054.719135,211.07869,965.158206,0,0,0,0
20,0.02,1.31744526577409,11,500,21,9,11,8,1,1,1,1,0.000117345361583983,0.000116245493388675,0.000116442498476115,0.000116136527138172,69.698886,292.103882,68.484669,266.442943,0,0,0,0
20,0.02,1.30826123644565,11,500,41,23,31,24,0,0,1,0,5.98718620252578e-05,4.81553205211028e-05,0.000149648916821595,6.93873660079216e-05,70.75746,286.119332,73.106893,271.328191,0,0,0,0
20,0.02,1.41810723940344,11,500,44,24,30,8,0,0,1,1,6.94086552812213e-05,6.41625990521785e-05,7.96953912277536e-05,6.15114100174383e-05,67.608935,280.824391,68.658729,261.551004,0,0,0,0
20,0.02,1.37573787821596,11,500,30,13,13,10,1,1,1,1,0.000131259368912202,0.000130590063249795,0.000130155600899986,0.000130222431215134,73.524873,298.974021,69.061509,269.668825,0,0,0,0
20,0.02,1.25869771189988,11,500,35,15,23,3,0,0,2,2,3.44879572496644e-05,2.2337236133833e-05,0.000138746238359605,0.000133889288466443,64.217362,281.450784,67.854303,269.829184,0,0,0,0
20,0.02,1.40764469653155,11,1000,31,15,25,11,0,0,0,0,1.22275868385328e-05,9.75427541366981e-06,1.20815044298682e-05,1.00322717128303e-05,128.09687,454.18116,103.901624,465.345389,0,0,0,0
20,0.02,1.29679859014028,11,1000,33,5,16,4,0,1,1,1,3.92305122778923e-05,4.5072124546332e-05,4.54848920707671e-05,4.5059776701323e-05,116.744141,550.197621,106.452736,460.731315,0,0,0,0
20,0.02,1.3911882730618,11,1000,27,10,25,8,0,0,0,0,1.35632670465156e-05,1.31501447543771e-05,1.35275952263551e-05,1.30496793119858e-05,116.559944,456.504543,129.718839,543.881192,0,0,0,0
20,0.02,1.33559431937789,11,1000,25,19,20,12,0,0,0,0,2.15867056709759e-05,2.13849809610594e-05,2.13870393183127e-05,2.12100350215504e-05,133.649781,486.835393,109.552031,393.641404,0,0,0,0
20,0.02,1.25952934254221,11,1000,41,15,24,11,0,0,0,0,2.35594524061986e-05,7.93976671200443e-06,8.44030499452847e-06,1.1390134224956e-05,105.183034,391.51645,104.465374,2038.766005,0,0,0,0
20,0.02,1.37805836196714,11,2000,22,10,19,4,0,0,0,0,3.34674479542523e-06,2.91323564304209e-06,3.27902068176292e-06,2.76327887277825e-06,907.767182,1899.898132,212.491167,1187.718591,0,0,0,0
20,0.02,1.45913881041801,11,2000,19,8,14,5,0,0,0,0,1.07141509810273e-05,1.06062645438664e-05,1.06486058431171e-05,1.0563243549031e-05,286.83002,922.152042,203.797161,837.557373,0,0,0,0
20,0.02,1.43713954674466,11,2000,23,7,17,11,0,0,0,0,4.02191488725849e-06,3.44559436058126e-06,3.97789068437331e-06,3.82345884168846e-06,263.815362,1053.259452,191.116972,963.307185,0,0,0,0
20,0.02,1.3015453575989,11,2000,19,3,8,1,0,0,0,0,1.2621462168731e-06,8.64411989048966e-07,1.05035571133224e-06,8.44302721491752e-07,272.18167,981.648521,221.663844,731.02182,0,0,0,0
20,0.02,1.42900328550512,11,2000,21,9,18,2,0,0,0,0,5.10476085718828e-06,4.92334231271508e-06,5.11227811651609e-06,4.77668736794989e-06,216.39023,1146.893961,225.572167,3695.211421,0,0,0,0
20,0.05,1.24666872306873,12,500,30,26,22,25,5,4,7,4,0.000446914897096492,0.000455060935849315,0.000960393073085948,0.000444170188515085,138.30667,545.956932,124.906235,535.257391,0,0,0,0
20,0.05,1.12879628555156,12,500,21,11,18,10,5,5,5,5,0.000335162795558881,0.000321759623859684,0.000336221681210544,0.000327804662707335,51.425771,501.04337,47.84626,360.89695,0,0,0,0
20,0.05,1.14815210667234,12,500,21,12,24,7,6,6,5,6,0.000796609053169365,0.000833493576508007,0.000491972241657859,0.000792603904273314,134.384347,553.430316,111.557033,601.309721,0,0,0,0
20,0.05,1.44463324945016,12,500,25,20,18,8,5,5,5,5,0.000482961887108295,0.000443069978094606,0.000418650167045094,0.000420427672954805,128.00738,413.741188,55.988636,522.355872,0,0,0,0
20,0.05,1.23735633225921,12,500,27,14,27,11,6,4,6,5,0.000746901994121358,0.000496263585630555,0.000746210471584433,0.000477298833117975,128.353276,564.08065,113.907508,426.045936,0,0,0,0
20,0.05,1.24228214255755,12,1000,20,14,17,7,5,5,5,5,0.000252410307315669,0.00025261262542037,0.000252605937335167,0.000246754164171635,214.986435,1092.894125,230.451806,1333.647711,0,0,0,0
20,0.05,0.976442540163232,12,1000,25,7,30,5,5,5,5,5,0.00025498847634192,0.000244288933669982,0.000304921749216864,0.000244888786819374,266.960219,1335.395012,67.194957,295.376408,0,0,0,0
20,0.05,0.968036106893171,12,1000,17,6,13,5,5,5,5,5,0.000240456087556618,0.00023908874844912,0.000240339253547154,0.000239931520267721,70.008816,305.137458,66.059188,273.340279,0,0,0,0
20,0.05,0.954874785323527,12,1000,11,8,9,8,5,5,5,4,0.000270886870729662,0.000270899532917313,0.000271178879207823,0.000203388468160213,71.297488,303.179965,63.105556,288.420465,0,0,0,0
20,0.05,1.22867953357638,12,1000,32,18,32,13,4,4,4,4,0.000136644164129679,0.000111196191324227,0.000117670279966868,0.00011097564273645,68.019745,293.480692,68.365847,322.897422,0,0,0,0
20,0.05,1.39533682411601,12,2000,0,0,0,0,17,17,17,17,0.0131210289778632,0.0131210289778632,0.0131210289778632,0.0131210289778632,111.340579,429.033686,100.415716,400.201787,0,0,0,0
20,0.05,1.13056727931993,12,2000,44,19,36,18,1,2,1,2,0.000112112666223497,7.95042230431678e-05,8.26571020380552e-05,7.9410190577866e-05,135.662143,758.434877,189.820413,432.842922,0,0,0,0
20,0.05,1.27418016133442,12,2000,36,15,32,7,3,3,3,3,6.8377727723536e-05,6.65051204868722e-05,6.7989013614972e-05,6.63346808830786e-05,123.336195,592.771642,138.394953,535.438279,0,0,0,0
20,0.05,1.1521488004557,12,2000,12,2,9,9,5,5,5,3,0.000222414783566044,0.000220227562685024,0.000220291830975717,0.000194477964003159,134.971944,464.150633,138.922336,508.487595,0,0,0,0
20,0.05,1.19006220533315,12,2000,34,21,25,16,2,2,4,2,9.37737950244237e-05,8.88463142323112e-05,9.32973588531836e-05,7.68255351829589e-05,161.712961,525.597654,149.958462,528.198979,0,0,0,0
20,0.01,0.970407558211492,13,500,18,9,17,7,1,1,1,1,7.77716200708266e-05,7.74017071151343e-05,7.77223493902373e-05,7.73499689871805e-05,52.553344,210.296853,46.474753,215.430603,0,0,0,0
20,0.01,0.96798180489936,13,500,20,13,14,9,1,1,1,1,0.000131539277256338,0.000143097855791791,9.84405683602234e-05,0.000123398157359179,47.721508,200.15831,55.025643,215.753262,0,0,0,0
20,0.01,0.586976363154389,13,500,12,6,11,6,1,1,1,1,8.62135782699582e-05,8.59117715367482e-05,8.61978186340787e-05,8.59117715367482e-05,52.631744,218.421064,52.705279,219.917125,0,0,0,0
20,0.01,0.711376787374928,13,500,17,9,15,4,1,1,1,1,8.06227625228106e-05,8.01825615947042e-05,8.06037035812495e-05,8.00793532302993e-05,48.700366,200.000767,45.667465,194.523945,0,0,0,0
20,0.01,0.622059518020484,13,500,14,3,16,4,1,1,1,1,8.43257509434316e-05,8.44063406239201e-05,8.43121655464616e-05,8.44172552056632e-05,55.285971,194.034387,61.183004,200.064687,0,0,0,0
20,0.01,0.688488219902704,13,1000,18,7,14,9,0,0,0,0,1.23980866110087e-05,1.11565510900521e-05,1.11248226321593e-05,2.83661381898803e-05,76.844202,330.266912,70.44893,292.276584,0,0,0,0
20,0.01,0.650065402571662,13,1000,14,9,13,8,0,0,0,0,1.1477929835499e-05,2.11769003075549e-05,1.14686924210488e-05,7.81861925134166e-06,80.11105,347.667527,77.826008,288.085944,0,0,0,0
20,0.01,0.548171947867257,13,1000,2,0,2,0,1,1,1,1,8.65630575961413e-05,8.64903765317698e-05,8.65630575961413e-05,8.64903765317698e-05,69.405998,289.32074,72.542905,274.301547,0,0,0,0
20,0.01,0.53092560099275,13,1000,16,9,12,8,0,0,0,0,3.18871166190565e-05,2.99031755955449e-05,3.07961710581085e-05,2.98321676979512e-05,78.007166,315.220778,73.260965,279.482597,0,0,0,0
20,0.01,0.670025344841131,13,1000,22,4,7,5,0,1,1,0,3.09339623180711e-05,8.48489619204618e-05,8.53411669245145e-05,1.67014616476778e-05,72.566678,280.792127,67.966643,288.78215,0,0,0,0
20,0.01,0.643408963840701,13,2000,13,10,20,3,0,0,0,0,1.65425611101929e-05,2.99322568418551e-05,3.7168458687239e-05,1.45614618211534e-05,154.785431,525.654531,131.473604,481.459958,0,0,0,0
20,0.01,0.556270376702288,13,2000,9,4,9,2,0,0,0,0,1.78019991174323e-06,1.70981238173505e-06,1.78019991174323e-06,1.66435186487706e-06,147.703525,613.32933,135.964497,600.765896,0,0,0,0
20,0.01,0.673140444434693,13,2000,14,4,10,2,0,0,0,0,8.80142927278568e-07,8.32615335609447e-07,8.74583790436705e-07,7.89485419658709e-07,199.961806,628.218805,131.515143,663.107584,0,0,0,0
20,0.01,0.658069690309711,13,2000,18,6,5,5,0,0,1,0,5.54838766322463e-06,5.44781221414252e-06,6.9841200607682e-05,4.66601167406305e-06,152.490966,750.414643,152.117811,583.063015,0,0,0,0
20,0.01,0.687306874302231,13,2000,11,4,7,4,0,0,0,0,4.08042553797908e-06,3.24157787652949e-06,3.21964003214403e-06,3.24157787652949e-06,188.038659,559.751469,177.418023,542.194118,0,0,0,0
20,0.02,0.812657443206669,14,500,26,11,18,14,1,1,1,1,9.65279964197462e-05,2.25041007407726e-05,2.57536476668482e-05,2.3406861268452e-05,51.331873,203.189345,52.059211,204.898658,0,0,0,0
20,0.02,0.736011289236241,14,500,21,15,22,11,1,1,1,1,0.000214159876373769,0.000214229244251627,0.00021419115253003,0.000213448661705592,42.920737,187.345491,48.054347,176.262207,0,0,0,0
20,0.02,0.922683142117641,14,500,19,12,20,11,1,1,1,1,0.000245915011707917,0.000259473158446076,0.000262026463140785,0.000175517527133142,41.71593,203.242507,39.074685,186.000203,0,0,0,0
20,0.02,0.620119315657549,14,500,16,8,7,6,1,1,2,1,0.000116279421599584,0.000140037053026817,0.000286631564005202,0.000116245738587056,45.300306,190.53805,41.111549,181.023606,0,0,0,0
20,0.02,0.716063618473325,14,500,6,4,3,2,3,2,3,2,0.000991925507451395,0.000306976311288886,0.000991822946823303,0.000306935154543327,50.259707,209.250775,51.455632,194.928291,0,0,0,0
20,0.02,0.527770738619353,14,1000,8,2,5,2,1,1,1,1,2.60131507314305e-05,2.57667429758238e-05,2.5917651568043e-05,2.57667429758238e-05,62.304146,266.042196,57.792576,247.245507,0,0,0,0
20,0.02,0.520309496243139,14,1000,10,4,6,4,1,1,1,1,2.74410200447505e-05,2.71762764614611e-05,2.72725428995306e-05,2.71762764614611e-05,59.261294,258.497184,57.199986,268.967842,0,0,0,0
20,0.02,0.608511184200698,14,1000,15,8,12,5,1,1,1,1,1.08287745686033e-05,1.06855821640779e-05,1.08044781192601e-05,1.05935119321151e-05,76.687358,290.51704,70.889003,287.248019,0,0,0,0
20,0.02,0.549002435253738,14,1000,13,5,9,3,1,1,1,1,9.33262056850505e-05,8.90197766001228e-05,9.12458071944767e-05,8.53640953036458e-05,76.806636,310.180864,73.081025,333.751317,0,0,0,0
20,0.02,0.519596115770697,14,1000,12,11,11,12,1,1,1,1,3.06340959349349e-05,3.06047017757915e-05,3.06047017757915e-05,4.02255796597137e-05,83.321956,324.008222,73.435458,279.626652,0,0,0,0
20,0.02,0.523149031461029,14,2000,14,3,4,1,1,1,1,1,2.25260708396677e-05,2.06915115685899e-05,2.07181350959516e-05,2.05784448397679e-05,198.093355,638.7479,168.223149,513.93184,0,0,0,0
20,0.02,0.596506148363995,14,2000,6,1,3,1,1,1,1,1,1.5860425408344e-05,1.57502810220045e-05,1.58274522336058e-05,1.57502810220045e-05,163.918171,615.679957,110.678125,430.76935,0,0,0,0
20,0.02,0.553665626933783,14,2000,6,2,2,0,1,1,1,1,1.48535840893778e-05,1.47327614008231e-05,1.47090553475555e-05,1.46218130598311e-05,141.500364,585.667219,130.248047,475.278149,0,0,0,0
20,0.02,0.55066922109425,14,2000,6,5,5,6,1,1,1,1,3.19942869128401e-05,3.18707283715301e-05,3.18707283715301e-05,3.92255300397043e-05,154.739967,570.429125,113.671245,477.228373,0,0,0,0
20,0.02,0.52324553606732,14,2000,7,1,5,1,1,1,1,2,1.02762383336152e-05,9.99158579049775e-06,1.01962406399576e-05,0.000246783005362027,125.704555,616.898666,148.338651,588.828479,0,0,0,0
20,0.05,1.29377529900021,15,500,26,14,26,6,5,4,6,7,0.00058971348853571,0.000224911279848602,0.00109542056020863,0.00122356827514661,38.175728,181.344939,43.97474,183.136041,0,0,0,0
20,0.05,1.12458583950548,15,500,31,30,30,15,9,8,9,9,0.00359126398207319,0.00209081771545367,0.00358490085505372,0.00356074138819022,45.528955,197.676236,45.837946,195.216132,0,0,0,0
20,0.05,1.20063633062337,15,500,48,28,42,18,6,5,6,6,0.00264222363195909,0.000960716787917052,0.00251635192383447,0.00236885679958923,46.713488,198.804931,46.693558,203.373179,0,0,0,0
20,0.05,1.1375498419642,15,500,39,20,32,20,5,5,6,6,0.00098604566638121,0.000954614643448158,0.00253284129749562,0.00252418626622588,46.660347,206.687516,42.677834,207.420861,0,0,0,0
20,0.05,1.12921274670464,15,500,29,17,24,15,5,4,5,5,0.000915996212003017,0.000643676090053449,0.00088638264228694,0.000850944774403516,45.844289,202.644426,47.363556,201.388316,0,0,0,0
20,0.05,1.08388376295395,15,1000,31,17,23,8,4,4,4,4,0.000576663332686925,0.000572693367682189,0.000561228336785083,0.000556066849291905,69.668879,282.563814,69.53692,261.811448,0,0,0,0
20,0.05,1.20110035971915,15,1000,32,25,22,17,4,4,4,5,0.000599007591788809,0.000608253831521163,0.000592764527806295,0.000631601087452879,55.140114,281.590756,64.60665,277.757069,0,0,0,0
20,0.05,1.22470434528729,15,1000,30,26,29,8,3,2,3,3,0.000597312389378162,0.00028637911467214,0.000579167706393003,0.000570902901646059,52.563861,278.662607,59.006046,245.463077,0,0,0,0
20,0.05,1.02578647094869,15,1000,37,39,25,14,3,2,4,4,0.000850866672747943,0.00062322416268682,0.000801508224307126,0.00079316065371665,49.939396,222.971844,60.526836,257.56385,0,0,0,0
20,0.05,1.05543625058251,15,1000,27,27,17,10,4,3,4,4,0.000574792070667428,0.000313978336583756,0.000546597415161961,0.000542897646579678,55.044527,265.957408,60.186159,266.642549,0,0,0,0
20,0.05,1.15868020383842,15,2000,27,16,24,15,3,3,3,3,9.86065006650013e-05,9.47688592479328e-05,9.64245909658858e-05,9.44039959962332e-05,136.14365,491.366032,113.174884,434.397205,0,0,0,0
20,0.05,1.15445749727395,15,2000,29,22,24,8,3,3,3,4,0.000138734859430085,0.000136752260005256,0.000128152284593252,0.000513842664779909,132.799498,532.875466,132.862139,558.190022,0,0,0,0
20,0.05,1.16067734838847,15,2000,26,13,17,6,3,3,3,3,0.000153053414805902,0.000149369276116119,0.00014977118161663,0.000148184501297442,144.786055,577.540862,159.622269,613.77969,0,0,0,0
20,0.05,1.11286737708575,15,2000,23,12,22,9,3,3,3,4,0.0001874290184026,0.000176180585741055,0.000173720165994615,0.000559820794863381,152.326698,609.369285,144.630437,606.285423,0,0,0,0
20,0.05,1.21622879985334,15,2000,27,19,28,10,4,3,3,3,0.000508084982416383,0.00013834057403434,0.000127697728915851,0.000127039410012481,186.138281,520.776596,128.597257,489.395003,0,0,0,0
20,0.01,0.964845314601827,16,500,11,4,6,3,0,0,0,0,3.05460895872864e-05,3.04183263140705e-05,3.04620203676766e-05,3.0325543629425e-05,61.637714,224.165541,58.824513,220.783566,0,0,0,0
20,0.01,1.02630343901887,16,500,16,10,11,9,0,0,0,0,1.83393562690553e-05,1.80234044713241e-05,1.81108102901925e-05,1.80123420011992e-05,60.173951,225.818326,55.141992,225.75141,0,0,0,0
20,0.01,1.06855555876573,16,500,16,11,16,6,0,0,0,0,7.90329853935606e-06,7.83792768256271e-06,7.90329853935606e-06,8.10832714631535e-06,62.009533,260.799205,65.060422,250.198694,0,0,0,0
20,0.01,1.32056183816887,16,500,20,10,21,11,0,0,0,0,4.09488507982522e-06,4.01249609865767e-06,5.72851832456722e-06,4.02146887225058e-06,69.237547,249.945995,74.729707,249.156411,0,0,0,0
20,0.01,1.16473303817307,16,500,11,5,6,3,0,0,0,0,5.26668225840957e-05,5.24219441384068e-05,5.24624923934889e-05,5.2394385006308e-05,56.091412,247.67412,64.369262,237.715634,0,0,0,0
20,0.01,1.15484485671092,16,1000,17,4,12,2,0,0,0,0,2.06280567963591e-05,1.89242616987864e-05,1.92781890820677e-05,1.88907872597655e-05,95.585409,380.215382,83.805649,330.787763,0,0,0,0
20,0.01,1.35291215780487,16,1000,17,8,15,4,0,0,0,0,1.34845277923922e-06,1.31437544889173e-06,1.34482240011311e-06,1.178178011646e-06,101.973399,375.090085,79.523522,339.738944,0,0,0,0
20,0.01,1.24016019115001,16,1000,14,3,4,3,0,0,0,0,4.07677812500177e-06,4.01567880043668e-06,4.02563764644869e-06,4.01567880043668e-06,113.295772,400.265474,98.20365,391.316426,0,0,0,0
20,0.01,1.48438177341781,16,1000,16,5,9,1,0,0,0,0,3.43115682020278e-06,3.22973937867188e-06,3.24203227445671e-06,3.21032703627604e-06,106.700011,395.36849,102.718132,371.885661,0,0,0,0
20,0.01,1.10586087295067,16,1000,14,5,12,2,0,0,0,0,1.31853592735474e-05,1.31457645959275e-05,1.31771473446651e-05,1.31249108306928e-05,83.526895,352.373951,86.716719,327.441632,0,0,0,0
20,0.01,1.1324130343752,16,2000,5,2,3,1,0,0,0,0,8.92006696403132e-07,8.7280843587576e-07,8.82082603149689e-07,8.59413311990126e-07,169.531345,655.082045,140.285369,585.832404,0,0,0,0
20,0.01,1.46939830607536,16,2000,9,4,9,2,0,0,0,0,2.85594279851031e-07,2.79236292111797e-07,2.85594279851031e-07,2.74261254667856e-07,197.448148,681.805377,177.304653,610.278024,0,0,0,0
20,0.01,1.35651178873361,16,2000,13,7,8,5,0,0,0,0,9.76191869648801e-07,9.60395343312947e-07,9.70088401285615e-07,9.52784520910327e-07,174.869479,627.210362,154.856751,592.770552,0,0,0,0
20,0.01,1.31977487051517,16,2000,11,1,11,0,0,0,0,0,3.65926395622275e-07,2.88524214471003e-07,3.65926395622275e-07,2.87002739082072e-07,183.195536,665.8423,184.845808,652.349647,0,0,0,0
20,0.01,1.41412852643977,16,2000,16,5,13,5,0,0,0,0,5.47612583976355e-07,5.23738681410049e-07,5.44699360962266e-07,5.28271168189773e-07,185.491034,716.618177,197.702876,622.205607,0,0,0,0
20,0.02,1.45569708132458,17,500,26,23,28,15,4,3,3,3,0.0028105718267665,0.00105983910108645,0.00101338195497693,0.000983240033098143,61.074765,228.673558,62.411203,210.673369,0,0,0,0
20,0.02,1.35943626916476,17,500,10,5,9,2,5,5,5,5,0.00358181704053075,0.00358174506580064,0.00358180818184722,0.00358163457948106,51.145453,236.754098,60.170115,215.341825,0,0,0,0
20,0.02,1.05993939001877,17,500,8,2,6,6,5,5,5,3,0.00358190180066927,0.00358172638194803,0.00358186442124545,0.00093436645357003,52.379691,205.994154,47.989222,183.555801,0,0,0,0
20,0.02,1.19551819823052,17,500,6,4,6,3,5,5,5,5,0.00358471794143512,0.00358465736614835,0.00358471794143512,0.0035846018460149,54.781847,226.882637,48.578019,229.947956,0,0,0,0
20,0.02,1.08991594922796,17,500,12,24,14,4,5,3,5,5,0.00359874337481419,0.00200906617510839,0.00360025493026251,0.0035987187257357,63.323264,235.955808,59.083321,231.294473,0,0,0,0
20,0.02,0.967424004611061,17,1000,16,24,15,14,4,1,4,1,0.0018651916880416,0.000200187799591843,0.00186542693514192,0.000160177753617198,79.420385,325.682583,67.884484,279.412046,0,0,0,0
20,0.02,1.00290156564063,17,1000,2,1,1,0,5,5,5,5,0.0035823223100221,0.00358229927548083,0.00358229927548083,0.0035823482240911,73.977707,299.337152,80.135508,287.597124,0,0,0,0
20,0.02,1.1184112866521,17,1000,50,24,23,20,1,1,3,1,0.000290026561787103,0.000208596151798501,0.00187820347476048,0.000180589105212891,104.013568,391.811282,103.898506,364.418272,0,0,0,0
20,0.02,1.18922321225102,17,1000,58,29,44,22,1,1,1,1,0.000302106802171179,0.000212320423388585,0.000253604824279936,0.000171978026384175,98.500536,347.718216,97.145453,325.124919,0,0,0,0
20,0.02,0.946810986645815,17,1000,32,14,16,7,1,1,1,1,0.000176953816366883,0.000142729216666085,0.000105244631816037,0.00011775666829474,100.940147,361.769574,93.334684,332.396506,0,0,0,0
20,0.02,1.23463063417074,17,2000,22,16,17,9,1,1,1,2,8.95211698443188e-05,9.39880999472054e-05,8.84470340169441e-05,0.000787380411091337,257.031494,862.656018,192.170703,665.114106,0,0,0,0
20,0.02,1.36748226500263,17,2000,23,19,23,11,1,1,1,1,0.000121942130245164,0.000116024270424837,0.000121942130245164,0.000108145269753123,192.821104,651.507076,146.344467,709.864755,0,0,0,0
20,0.02,1.37444204872456,17,2000,26,15,18,10,1,1,1,1,8.26940825378938e-05,7.57496317486489e-05,7.57552517804564e-05,6.84749378436542e-05,184.387837,658.485515,163.828257,678.226716,0,0,0,0
20,0.02,1.15347470661868,17,2000,24,17,20,11,1,1,1,1,7.85275882801149e-05,8.79827760331842e-05,7.83182008358882e-05,7.77359331039375e-05,192.196526,766.02548,242.907742,825.534789,0,0,0,0
20,0.02,1.20573024571943,17,2000,31,16,28,13,1,1,1,1,7.01442414796936e-05,6.31495278874534e-05,6.60671561529068e-05,6.00207550399545e-05,226.220579,822.001292,207.792624,738.424143,0,0,0,0
20,0.05,0.784717394627507,18,500,24,9,15,6,4,4,4,4,0.000561319539340418,0.000548708185380563,0.000550347678217672,0.000557366037166394,44.755905,212.965632,39.705544,194.494373,0,0,0,0
20,0.05,0.807008158031173,18,500,17,10,16,9,6,6,6,6,0.000641053850755246,0.000625170661100836,0.00063249857945291,0.000625126853622927,39.57105,206.64446,42.24864,186.525699,0,0,0,0
20,0.05,0.825420133826556,18,500,12,7,7,4,6,6,6,6,0.000552926400414032,0.00054804055716659,0.000547692760392281,0.000546949444393038,43.212157,210.380978,45.007385,202.345161,0,0,0,0
20,0.05,0.802585470099814,18,500,20,8,8,6,4,4,4,4,0.000545846352374141,0.000515642022233757,0.000514696282756363,0.000513875535129425,44.338752,214.179236,40.877073,205.361064,0,0,0,0
20,0.05,0.726572381196145,18,500,18,12,11,2,3,3,4,6,0.000578149284116037,0.000573315495307864,0.000566131250805558,0.000675392501343984,43.712049,208.644712,37.336956,193.952442,0,0,0,0
20,0.05,0.821085571157179,18,1000,19,11,17,13,3,3,3,3,0.000451394569667895,0.000449550382287413,0.000450990072808342,0.000454750644234088,72.088297,329.719069,68.76564,265.759255,0,0,0,0
20,0.05,0.834719203736355,18,1000,4,13,2,7,5,2,5,2,0.00049854443229327,0.000268038637323903,0.000498477255014181,0.000263758026718809,63.788097,291.529537,63.823549,301.269201,0,0,0,0
20,0.05,0.74932155232573,18,1000,8,14,4,9,6,2,6,2,0.00053178130225069,0.000261526401777381,0.000529855149847027,0.000255519377810576,73.705131,303.191196,65.041157,307.985557,0,0,0,0
20,0.05,0.718806189083763,18,1000,6,12,3,7,6,2,6,2,0.000511198196643333,0.000230758929237525,0.000509012379907014,0.00020480949387302,79.293148,350.390954,71.378833,324.032528,0,0,0,0
20,0.05,0.83395657289342,18,1000,34,18,23,14,2,2,2,2,0.000260710252051835,0.000244020635404336,0.00024340037414476,0.00023925847160427,72.906134,323.891764,69.939142,273.537501,0,0,0,0
20,0.05,0.771188684125235,18,2000,30,19,27,7,1,1,2,2,8.92783119482556e-05,8.43559491194715e-05,9.8203340873496e-05,8.69808618797216e-05,139.346652,643.671213,155.468392,619.630949,0,0,0,0
20,0.05,0.788627656235497,18,2000,24,16,23,17,1,1,1,1,0.000183278480146467,0.000182915901922004,0.000182200039264949,0.000192313293003078,174.556353,649.423397,162.74255,620.091107,0,0,0,0
20,0.05,0.72795183942889,18,2000,34,11,8,8,0,0,3,0,7.1392375774533e-05,4.90990209956254e-05,0.000405351915575224,3.98444633109892e-05,190.831375,784.014584,111.910768,491.895747,0,0,0,0
20,0.05,0.785056620753354,18,2000,50,19,27,13,0,0,1,0,0.000117573897894341,8.47098022365983e-05,0.000198718476434514,6.54860397211366e-05,118.571276,571.995371,125.981878,508.777471,0,0,0,0
20,0.05,0.76185089509707,18,2000,35,11,23,9,1,1,1,1,9.24858966848363e-05,8.09280284287695e-05,8.28019320262642e-05,7.99122049316068e-05,163.967188,612.843144,98.833532,442.362996,0,0,0,0
20,0.01,0.86030301252691,19,500,20,10,17,8,0,0,0,0,6.55848174936318e-05,4.20147143317589e-05,4.15256027274996e-05,4.18958937493327e-05,51.408727,198.435838,56.301144,208.908021,0,0,0,0
20,0.01,0.985721140489647,19,500,20,12,22,9,0,0,0,0,3.96451968945837e-05,3.74296195256786e-05,8.57184590451824e-05,3.74013094198185e-05,54.005537,231.576218,52.302109,191.676631,0,0,0,0
20,0.01,1.1290650900101,19,500,16,10,16,8,1,1,1,1,0.000111053088635556,0.00011006197472098,0.000111053088635556,0.000110078456595536,54.592016,209.098234,52.946591,220.739568,0,0,0,0
20,0.01,0.859200207302539,19,500,15,6,13,3,1,1,1,1,0.000125220404153262,0.000121709561307445,0.000121897006091738,0.000121834454274645,47.929312,203.750923,55.573267,225.099299,0,0,0,0
20,0.01,0.710695478421461,19,500,13,6,11,5,1,1,1,0,9.92252313277223e-05,9.85441845153716e-05,9.96903754779858e-05,1.58860479093575e-05,47.642621,194.8045,47.584866,200.105742,0,0,0,0
20,0.01,1.06044861904736,19,1000,15,6,11,4,0,0,0,0,5.49881269684336e-06,5.46867110613136e-06,5.49549188698059e-06,5.43537758929786e-06,80.724115,320.566706,85.814941,356.649187,0,0,0,0
20,0.01,0.854982585714432,19,1000,13,6,9,6,0,0,0,0,2.43354160933905e-06,2.4178447794968e-06,2.52345659032934e-06,2.4178447794968e-06,93.70067,358.479147,80.111576,321.804052,0,0,0,0
20,0.01,1.31848489130027,19,1000,16,9,17,6,0,0,0,0,4.8283053472961e-06,4.92470801151182e-06,4.83264080641568e-06,4.91435619891446e-06,90.903721,350.987718,90.359806,304.231803,0,0,0,0
20,0.01,1.25754795936533,19,1000,19,11,21,9,0,0,0,0,3.41531707246453e-06,2.3646544569856e-06,1.94445461099807e-05,2.36284073327063e-06,85.789823,336.208042,83.448475,320.365529,0,0,0,0
20,0.01,1.02766913069705,19,1000,14,10,13,10,0,0,0,0,1.10727105109068e-05,1.10577873587288e-05,1.10716900130077e-05,1.10625760079001e-05,91.52074,326.571929,82.351299,275.779028,0,0,0,0
20,0.01,0.997658834381173,19,2000,16,9,15,8,0,0,0,0,9.94474589148663e-06,9.91459448029525e-06,9.94396966952272e-06,9.83343712935221e-06,195.652289,698.422108,173.987952,630.473592,0,0,0,0
20,0.01,0.977025226592267,19,2000,10,6,9,5,0,0,0,0,3.25889749058481e-06,3.24485285614177e-06,3.25687022417932e-06,3.15961949909064e-06,146.746241,550.708043,179.323686,769.610683,0,0,0,0
20,0.01,1.09425508459784,19,2000,9,4,8,2,0,0,0,1,2.30377049961711e-06,2.27570416305962e-06,2.30171004031077e-06,9.33307153728038e-05,239.712305,788.450335,203.828319,907.480937,0,0,0,0
20,0.01,0.903587917676405,19,2000,6,4,5,4,0,0,0,0,2.4424003841458e-05,2.44137409195634e-05,2.4421270936314e-05,2.44137409195634e-05,210.846062,825.225123,141.836092,510.809033,0,0,0,0
20,0.01,1.15260670892603,19,2000,8,2,4,1,0,0,0,0,1.747745989519e-06,1.73056566651638e-06,1.73871484234711e-06,1.72204805258959e-06,201.343522,560.912975,145.925043,646.857908,0,0,0,0
20,0.02,1.11425172543935,20,500,19,9,13,1,4,4,4,4,0.000163424402618259,0.000155555128280817,0.000155615193181284,0.000153075824777357,54.748891,226.604993,57.342381,253.8858,0,0,0,0
20,0.02,0.750539614392908,20,500,16,5,14,5,3,3,3,3,7.2016306583541e-05,6.70206264065494e-05,7.19999168568876e-05,6.56481496742796e-05,54.241046,251.268718,47.057645,197.765183,0,0,0,0
20,0.02,1.28841840695992,20,500,2,0,4,6,7,7,7,3,0.000561753378961105,0.000561734227813123,0.000561797700714865,2.46044208220744e-05,54.274798,201.34767,44.371462,203.608892,0,0,0,0
20,0.02,0.913847048212744,20,500,11,3,11,6,4,4,4,3,0.00015406121366923,0.000153936131474825,0.00015406121366923,2.86085121659319e-05,55.197012,225.595426,47.364949,215.821542,0,0,0,0
20,0.02,0.952698513128827,20,500,14,8,13,7,3,3,3,3,2.97319156820586e-05,2.60816886439093e-05,2.97263525602406e-05,2.81766211027076e-05,52.318484,217.590135,50.471947,212.932228,0,0,0,0
20,0.02,0.836604993615645,20,1000,13,12,6,2,3,3,3,3,2.55895702215987e-05,2.55788142002041e-05,2.38529273772965e-05,2.37183619494009e-05,88.508688,326.029036,77.032305,254.855996,0,0,0,0
20,0.02,1.15072402027862,20,1000,17,13,11,2,3,2,4,4,2.12144356772889e-05,2.61399020254716e-05,0.000146862384215118,0.000146821738505091,76.139866,257.05453,63.336641,246.618589,0,0,0,0
20,0.02,0.7205895445954,20,1000,23,12,19,7,2,3,2,3,2.3689561762633e-05,1.90106838142426e-05,2.19798630934369e-05,1.89034038517826e-05,61.671388,265.762003,58.495866,244.816451,0,0,0,0
20,0.02,1.0141644507363,20,1000,18,3,11,3,3,3,3,3,2.25443236598925e-05,1.94912948118203e-05,2.17347292136148e-05,1.94641808013823e-05,75.460688,262.765794,66.736487,252.679034,0,0,0,0
20,0.02,1.29836886352414,20,1000,14,5,12,2,3,3,3,3,2.26810870040223e-05,2.18885653118403e-05,2.19177882001024e-05,2.1866476421726e-05,77.732803,252.777331,74.684143,268.447434,0,0,0,0
20,0.02,1.03734792143017,20,2000,18,15,16,6,3,1,3,3,2.26652226141824e-05,2.43755367914335e-05,2.26644003878358e-05,2.26393975939732e-05,153.14707,519.907857,132.276863,446.123342,0,0,0,0
20,0.02,0.946018359448496,20,2000,16,11,15,6,3,3,3,3,2.17716351301476e-05,2.17590154340544e-05,2.17701056754007e-05,2.16870973726686e-05,126.868919,478.43937,105.780861,414.454719,0,0,0,0
20,0.02,0.976391832852444,20,2000,18,6,16,5,3,3,3,3,2.04675868159008e-05,2.02887527997158e-05,2.04160358256936e-05,2.02810599052175e-05,132.349635,491.200534,118.621773,463.436248,0,0,0,0
20,0.02,1.30026074683463,20,2000,23,17,13,8,2,2,3,3,2.55472722395081e-05,3.08724975265225e-05,2.36365556979294e-05,2.36294086587688e-05,127.672865,496.076849,111.144401,453.802956,0,0,0,0
20,0.02,1.17108730089681,20,2000,19,7,17,5,3,3,3,3,2.37631988942857e-05,2.30198287661518e-05,2.30406052160338e-05,2.30031705514449e-05,118.081247,441.077436,121.288741,431.850267,0,0,0,0
20,0.05,0.645216738813839,21,500,21,10,19,8,4,4,4,4,0.00021349871446455,0.000197659796906983,0.000212932129038966,0.000196558139225255,33.657289,190.506009,38.108508,157.851052,0,0,0,0
20,0.05,0.641080917547877,21,500,24,11,18,9,3,3,3,4,0.000200449736310841,0.0001885613193553,0.00019110496671121,0.000205856055279878,30.547268,156.127508,34.739172,161.100128,0,0,0,0
20,0.05,0.671612567209584,21,500,20,5,18,3,4,6,5,5,0.00027167204411933,0.000722414856412387,0.000355308216241243,0.000340242914868445,32.796333,158.203341,35.766758,145.714125,0,0,0,0
20,0.05,0.758359776520278,21,500,37,20,18,15,3,3,6,3,0.000275192662844017,0.000228718837243568,0.00210541913930913,0.000215395280347826,29.745896,172.400061,30.295331,166.070889,0,0,0,0
20,0.05,0.559918829615656,21,500,16,7,10,2,4,4,4,4,0.000288536940661337,0.000277833322731779,0.000278689188595596,0.000270831687360864,31.034849,150.291974,30.294052,152.138956,0,0,0,0
20,0.05,0.615758730496908,21,1000,20,7,14,3,3,3,3,3,0.000192797985321038,0.000184749360556998,0.000188398495449125,0.000184130562649486,51.337739,233.215296,51.521344,237.602988,0,0,0,0
20,0.05,0.649844522221468,21,1000,18,6,2,2,3,3,3,3,0.000211264418127366,0.000209784346868805,0.00020833618213403,0.000208943878764951,48.022755,241.572989,46.873658,226.748308,0,0,0,0
20,0.05,0.727455851979049,21,1000,18,9,10,4,3,3,3,3,0.000164445389966129,0.000174866819296841,0.000162700298420515,0.000159151406553919,52.371476,254.674461,49.438587,256.586731,0,0,0,0
20,0.05,0.532335958106867,21,1000,18,2,8,1,3,3,3,3,0.000241060220795689,0.000191224406432229,0.000198603123929887,0.000190983414887952,50.378314,235.856112,49.145811,238.577683,0,0,0,0
20,0.05,0.507883062159508,21,1000,17,8,5,3,1,1,1,1,0.000144448597528352,0.000115639377535737,9.84788820334764e-05,9.73328881521239e-05,42.651698,215.929576,48.945631,217.242187,0,0,0,0
20,0.05,0.597111747387473,21,2000,7,4,5,5,3,3,3,2,0.000136145905971596,0.000135826654515672,0.000135922713495771,9.64864692415934e-05,109.164101,440.751277,95.960039,402.114406,0,0,0,0
20,0.05,0.62762039185985,21,2000,6,4,4,3,3,3,3,3,0.00013994200393097,0.00013943981087025,0.00013943981087025,0.000139628008991279,96.791169,425.574408,88.233533,393.048017,0,0,0,0
20,0.05,0.583732466357125,21,2000,26,15,26,11,0,0,0,0,7.28746770477642e-05,7.15580581225969e-05,7.28086339063096e-05,6.88506958895425e-05,101.586544,445.271308,86.687483,371.89339,0,0,0,0
20,0.05,0.562923869493933,21,2000,5,2,3,0,3,3,3,3,0.00015567038125557,0.000155197163851514,0.000155515164489581,0.000155157183662009,102.306592,427.83971,91.258479,394.418504,0,0,0,0
20,0.05,0.562970832332209,21,2000,35,21,26,15,0,0,0,0,7.77019623331519e-05,7.32783768029815e-05,6.49230580760018e-05,6.04210736665878e-05,98.959839,408.447795,88.860275,370.609598,0,0,0,0
20,0.01,0.694789937799592,22,500,20,8,21,5,0,0,0,1,7.96234380240976e-05,4.5562422114466e-05,7.89989466724701e-05,0.000172270630582906,32.268397,157.122983,41.403525,150.505097,0,0,0,0
20,0.01,0.710594005381863,22,500,9,6,8,3,1,1,1,1,0.000151488420150302,0.000151315590985044,0.000151461776680284,0.000151026684028722,33.303391,138.984856,27.954809,148.622206,0,0,0,0
20,0.01,0.773445677091669,22,500,9,5,7,3,1,1,1,1,0.000160362576132267,0.000160223978991612,0.00016027273777642,0.000160047693463462,30.019632,160.526747,38.49651,151.334032,0,0,0,0
20,0.01,0.691495119042743,22,500,9,7,10,5,1,0,1,0,0.000160345221764197,1.54726550686254e-05,0.000160361739425051,1.53939466231398e-05,36.601242,147.497119,30.402962,161.182975,0,0,0,0
20,0.01,0.605045160273089,22,500,5,10,4,5,1,0,1,1,0.000169440261807982,7.49310129521905e-05,0.000169465811160677,0.000207857515478737,37.386829,168.892471,37.733511,168.300039,0,0,0,0
20,0.01,0.814677188449875,22,1000,16,8,14,5,0,0,0,0,1.69998514520053e-05,1.57174837921063e-05,1.69914910412709e-05,1.57863107085309e-05,65.698088,242.771284,54.969162,223.320145,0,0,0,0
20,0.01,0.681480749252561,22,1000,14,9,15,10,0,0,0,0,4.0631622016698e-05,4.06736798033702e-05,4.0637345444429e-05,4.05967426749046e-05,59.82031,232.983405,46.902735,222.064434,0,0,0,0
20,0.01,0.750881441272337,22,1000,14,5,16,3,0,0,0,0,7.6451190649749e-06,7.49624322927852e-06,7.65071017065119e-06,7.42034217953686e-06,54.234325,241.694853,55.510608,232.823295,0,0,0,0
20,0.01,0.73123564600024,22,1000,12,7,11,7,0,0,0,0,3.29814974902758e-05,3.29417691245306e-05,3.29771691699305e-05,3.29417691245306e-05,62.278213,237.926316,62.982526,215.381966,0,0,0,0
20,0.01,0.656693490552592,22,1000,10,5,7,5,0,0,0,0,1.37995271388403e-05,1.25196598068541e-05,1.25642354296527e-05,1.25196598068541e-05,67.690868,249.8155,49.32777,255.76695,0,0,0,0
20,0.01,0.759530452092961,22,2000,12,5,8,4,0,0,0,0,1.81352059443109e-06,1.79153421876567e-06,1.83002287898782e-06,1.77589471730058e-06,110.738927,461.208894,102.688912,414.712029,0,0,0,0
20,0.01,0.641368204130044,22,2000,5,4,4,2,0,0,0,0,1.01135676896087e-05,1.00989785210091e-05,1.00989785210091e-05,9.72320370215299e-06,116.95661,425.846225,104.266575,388.876585,0,0,0,0
20,0.01,0.850001672405358,22,2000,17,5,12,4,0,0,0,0,1.84442623329373e-05,9.88448670559026e-06,9.82385951708845e-06,9.88002526082775e-06,113.98544,431.300116,103.073726,404.023562,0,0,0,0
20,0.01,0.911401374044281,22,2000,9,4,6,3,0,0,0,0,3.33862852084568e-06,3.32559233100763e-06,3.33403882630944e-06,2.08154122962471e-06,116.454635,424.147005,99.329095,378.348512,0,0,0,0
20,0.01,0.939825807483447,22,2000,14,7,18,3,0,0,0,0,3.98616466396578e-06,3.96814511955274e-06,5.1518357331152e-06,3.92120877988209e-06,118.051156,471.911095,114.831062,416.513186,0,0,0,0
20,0.02,0.744653093468416,23,500,22,12,19,5,1,1,1,1,8.50156377368879e-05,8.45536384482328e-05,8.47008816278567e-05,7.62361826750824e-05,34.043491,170.800756,32.268582,165.402447,0,0,0,0
20,0.02,0.830937009445218,23,500,20,14,22,12,1,1,1,1,0.000108109726340166,0.000112444616951304,0.000108251075598498,0.000107345382195175,37.614471,163.631607,38.520185,166.793942,0,0,0,0
20,0.02,0.689775957931747,23,500,19,10,15,7,1,1,1,1,6.97873942776698e-05,6.78856583012064e-05,6.91741182868646e-05,6.80251500595711e-05,34.0721,171.107463,34.780767,148.679096,0,0,0,0
20,0.02,0.79459157400101,23,500,21,6,14,6,0,1,1,1,7.06834819841038e-05,0.000109966123220629,0.000109959947179761,0.000108538887566887,35.77491,170.264645,31.345188,172.642544,0,0,0,0
20,0.02,0.785285529650641,23,500,21,6,8,6,0,1,2,1,5.06028686640393e-05,5.86426936704143e-05,0.000178125814294045,5.86426936704143e-05,34.059651,173.355874,32.513243,164.444691,0,0,0,0
20,0.02,0.828667056484729,23,1000,19,28,20,7,1,0,1,1,8.01673066659682e-05,9.05445808599412e-05,8.22604372553308e-05,7.97898332401237e-05,59.696815,277.951797,61.022313,259.256477,0,0,0,0
20,0.02,1.05943447610923,23,1000,27,13,27,6,0,0,0,0,1.6020330041006e-05,1.57350033182846e-05,1.6020330041006e-05,1.53341473365492e-05,64.480238,277.70509,64.02616,261.879161,0,0,0,0
20,0.02,0.823199107898828,23,1000,27,14,15,4,0,0,1,1,2.34946931016946e-05,2.16384462613685e-05,6.27961185483677e-05,6.06550781367651e-05,62.409723,261.627629,54.680918,246.001066,0,0,0,0
20,0.02,0.844170236357059,23,1000,15,10,17,5,1,0,0,1,8.73695645882928e-05,3.80563208556661e-05,4.08818832913155e-05,8.45984953789602e-05,61.32158,269.210391,60.403358,251.166253,0,0,0,0
20,0.02,0.712691324104026,23,1000,9,6,7,5,1,0,1,0,6.69827165477861e-05,2.09243260314604e-05,6.6853319854227e-05,2.08392925411325e-05,73.159494,271.783333,57.305228,257.692066,0,0,0,0
20,0.02,0.818963759403843,23,2000,17,6,13,3,0,0,0,0,1.17259667875127e-06,9.46604742364424e-07,1.07443758805222e-06,8.23926998515765e-07,106.202884,440.200233,98.847649,395.841582,0,0,0,0
20,0.02,0.659158017221291,23,2000,14,8,10,1,0,0,0,1,1.00838560268207e-05,9.79629165733864e-06,9.93489579722278e-06,5.47619051588429e-05,116.156565,466.585803,100.606738,420.752186,0,0,0,0
20,0.02,0.708282986682949,23,2000,12,6,8,4,0,0,0,0,1.37904763263771e-05,1.34594878235101e-05,1.35823507421545e-05,1.32630454749608e-05,109.767602,446.819589,106.702707,406.046785,0,0,0,0
20,0.02,0.822680248663514,23,2000,14,12,12,7,0,0,0,0,1.19469793442502e-05,1.19103098249794e-05,1.19103098249794e-05,1.1723285800107e-05,114.07586,454.537307,104.933032,425.271116,0,0,0,0
20,0.02,0.70921825861738,23,2000,4,5,3,3,1,0,1,0,6.46791103715732e-05,2.04712077168159e-05,6.45901223635351e-05,1.85498428009885e-05,112.378383,447.465275,102.179248,406.213712,0,0,0,0
20,0.05,0.632274492733821,24,500,27,12,16,9,4,3,6,4,0.000629871219585242,0.000424600149648365,0.0010593907154085,0.00059553693799585,33.604099,130.647581,32.914841,140.804956,0,0,0,0
20,0.05,0.691368881377303,24,500,33,23,31,21,3,3,4,3,0.000598721377082243,0.000566268725424079,0.000698286674452425,0.000606842824893167,34.858667,139.936392,33.716959,150.647818,0,0,0,0
20,0.05,0.601903016916433,24,500,16,8,10,3,6,6,6,6,0.000722643200389728,0.000692908281168528,0.000701941593320648,0.000688623091974021,24.171233,134.660613,24.241578,151.782572,0,0,0,0
20,0.05,0.530047008232673,24,500,34,21,31,18,3,3,3,3,0.00072333472277026,0.000624428804145322,0.000697021718438979,0.000620735672470747,28.386779,144.460387,31.179741,159.592971,0,0,0,0
20,0.05,0.660899509030965,24,500,21,10,19,8,6,6,6,6,0.000807516334190798,0.000801922222988483,0.000807401449023712,0.000801408673825909,31.62896,149.079423,31.148305,149.659695,0,0,0,0
20,0.05,0.751120723007892,24,1000,29,18,25,19,3,3,4,3,0.000332033315214148,0.000328927985915812,0.000474637399724606,0.000323544259010047,52.058974,228.494896,49.860204,230.774007,0,0,0,0
20,0.05,0.629052266226176,24,1000,33,18,26,14,1,1,1,1,0.000191368126726103,0.000176396693818817,0.000182050455900419,0.000179149796056096,48.304169,205.260343,51.66212,206.543834,0,0,0,0
20,0.05,0.716218970677051,24,1000,44,30,21,6,1,1,3,3,0.00028993836580021,0.000293307070107781,0.000335240272029891,0.000322903695140577,46.58116,212.991917,45.263144,209.795462,0,0,0,0
20,0.05,0.904132433557933,24,1000,32,24,27,13,1,1,1,2,0.000197738111231925,0.000198593267910002,0.000169945418372904,0.000270730931945588,50.931518,217.319971,50.546688,218.243702,0,0,0,0
20,0.05,0.675393022185416,24,1000,23,13,17,9,1,1,1,1,0.000122269679186027,0.000116886202250983,0.000117826655841263,0.000112926260853976,44.538587,208.487135,49.981673,205.306803,0,0,0,0
20,0.05,0.637639068884109,24,2000,22,13,15,6,1,1,1,1,5.17578685847973e-05,5.02949994359945e-05,5.04618816229722e-05,5.01942562560658e-05,80.463832,360.311388,74.392776,328.901793,0,0,0,0
20,0.05,0.659846338479854,24,2000,21,5,5,2,1,1,1,1,3.09372193098649e-05,2.89048715138899e-05,2.89749718942809e-05,2.87723840042721e-05,85.397487,371.422858,84.469845,359.168272,0,0,0,0
20,0.05,0.632911327296625,24,2000,21,5,5,3,1,1,2,1,6.60024082547173e-05,6.43578790258581e-05,0.000147231967089105,6.42527762603816e-05,90.813791,351.340183,77.152867,320.205845,0,0,0,0
20,0.05,0.586075233958943,24,2000,10,0,6,0,1,1,1,1,2.66921029263235e-05,2.68489659590993e-05,2.67445255763759e-05,2.68489659590993e-05,96.159064,367.314671,82.276981,338.246121,0,0,0,0
20,0.05,0.720941419884845,24,2000,16,2,32,10,8,7,1,1,0.00136534227091517,0.00100485329620695,8.30510365179463e-05,6.15309092045822e-05,108.588956,386.74638,99.484941,380.470077,0,0,0,0
20,0.01,0.57096567181913,25,500,18,9,15,6,0,0,0,0,4.44985445599237e-05,3.56639885488616e-05,4.21878031350759e-05,2.61501729607996e-05,37.525236,172.75465,34.944955,161.879945,0,0,0,0
20,0.01,0.661279802928083,25,500,7,2,4,4,0,0,0,0,1.27627783264088e-05,1.03994413568472e-05,1.13504140548006e-05,1.18185002082305e-05,36.443279,171.996576,39.205373,165.0995,0,0,0,0
20,0.01,0.954233102292106,25,500,0,1,0,0,2,2,2,2,0.00261250545074989,0.00261251185832377,0.00261250545074989,0.00261250545074989,48.964874,167.186714,45.070948,185.993426,0,0,0,0
20,0.01,0.698863039602658,25,500,14,8,8,6,0,0,0,0,6.64103542437867e-05,6.48689617936026e-05,6.48689617936026e-05,6.46344514358633e-05,44.451229,162.089265,36.405377,162.024119,0,0,0,0
20,0.01,0.576746750479486,25,500,4,1,3,1,0,0,0,0,3.70963103125928e-05,3.66588042779309e-05,3.69778856112842e-05,3.66588042779309e-05,29.821579,165.126275,27.504141,147.808701,0,0,0,0
20,0.01,0.570631703633917,25,1000,11,7,6,4,0,0,0,0,5.33636383943798e-06,4.88215176635963e-06,4.62312852881085e-06,4.31891608294151e-06,59.967893,273.709061,55.753377,257.346101,0,0,0,0
20,0.01,0.703702137374725,25,1000,16,1,4,0,0,0,0,0,1.48844000504436e-05,1.10912753264877e-05,1.13381305380773e-05,1.10809410275586e-05,56.046071,254.782599,57.321755,242.49273,0,0,0,0
20,0.01,0.633083262494587,25,1000,4,1,3,0,0,0,0,0,7.32541820574641e-06,7.2299547352703e-06,7.30600113204787e-06,7.04440512324656e-06,71.316251,261.9334,65.199079,259.162858,0,0,0,0
20,0.01,0.570275000406797,25,1000,2,0,0,0,0,0,0,0,1.906683771307e-05,1.88251342736372e-05,1.88251342736372e-05,1.88251342736372e-05,61.175664,264.961707,51.289659,250.757593,0,0,0,0
20,0.01,0.669903527810574,25,1000,9,2,3,2,0,0,0,0,4.32499794329686e-06,3.63514850264607e-06,3.70205927898963e-06,3.63514850264607e-06,60.630049,260.769087,52.715282,242.950403,0,0,0,0
20,0.01,0.618667011841288,25,2000,0,0,0,0,0,0,0,0,1.4936511354267e-06,1.4936511354267e-06,1.4936511354267e-06,1.4936511354267e-06,137.164991,496.100184,116.599048,450.889203,0,0,0,0
20,0.01,0.643875467203245,25,2000,7,5,5,4,0,0,0,0,3.48456002375277e-06,3.42127330373249e-06,3.42127330373249e-06,3.39379942025407e-06,106.206723,439.918184,97.16104,382.327247,0,0,0,0
20,0.01,0.566873287003599,25,2000,1,1,1,0,0,0,0,0,9.79572835927228e-06,9.79572835927228e-06,9.79572835927228e-06,9.74738518847332e-06,103.7238,411.210935,97.988288,398.04421,0,0,0,0
20,0.01,0.643777513827987,25,2000,2,1,2,1,0,0,0,0,4.39342648848699e-06,4.38350771624041e-06,4.39342648848699e-06,4.38350771624041e-06,116.954573,437.656192,106.773427,447.194509,0,0,0,0
20,0.01,0.587206903750142,25,2000,1,1,1,1,0,0,0,0,3.96090718674909e-06,3.96090718674909e-06,3.96090718674909e-06,3.96090718674909e-06,120.134315,494.857175,110.984688,426.637858,0,0,0,0
20,0.02,1.21084748261815,26,500,14,10,11,5,2,2,2,2,0.000196799155797411,0.000196774191943576,0.000196791633281412,0.000196735529790676,44.585004,161.432457,37.496464,151.390575,0,0,0,0
20,0.02,0.822147257016097,26,500,15,8,14,8,2,1,2,1,0.000184778980645085,3.95162853600569e-05,0.000184764877372041,3.77809743513193e-05,33.301642,149.799665,37.622497,148.538267,0,0,0,0
20,0.02,0.871765693135813,26,500,18,13,15,9,2,2,2,2,0.000217093604338981,0.000234017404004225,0.000192762625995444,0.000191344971577099,38.092231,152.181544,31.957616,146.681838,0,0,0,0
20,0.02,1.23653389487253,26,500,21,9,21,7,2,2,2,2,0.0001743437185461,0.000170524283009493,0.0001743437185461,0.000167281496254444,38.881072,152.855059,40.497516,155.443693,0,0,0,0
20,0.02,0.939413613913223,26,500,10,5,7,3,2,2,2,2,0.000198702719813855,0.000198326527173805,0.000198416543937887,0.000198218342187209,39.878147,150.280826,34.743569,136.651038,0,0,0,0
20,0.02,0.885098875137035,26,1000,18,11,14,8,1,1,1,1,3.96168062135097e-05,3.45978207255065e-05,3.57105414322967e-05,3.45412037384076e-05,59.081727,251.394816,55.743814,229.692329,0,0,0,0
20,0.02,0.922122090846585,26,1000,18,5,12,3,1,1,1,1,2.20173429914385e-05,1.55511535108921e-05,1.94869814499528e-05,1.55675177025045e-05,60.420041,245.108333,51.98484,227.317598,0,0,0,0
20,0.02,0.888548336221291,26,1000,14,4,11,2,1,1,1,1,1.21437322178582e-05,1.11011114918398e-05,1.24202614702352e-05,1.0723297106499e-05,67.485435,260.194168,60.20294,253.175262,0,0,0,0
20,0.02,0.906420308820934,26,1000,25,17,18,15,1,1,1,1,4.90655388984816e-05,4.82165024899926e-05,3.88382559020622e-05,4.82055271576383e-05,62.438613,244.293098,56.316129,234.122346,0,0,0,0
20,0.02,0.990553814068861,26,1000,18,11,11,9,1,1,1,1,3.59809091073788e-05,2.29273866874873e-05,2.2546687067018e-05,2.25265654821793e-05,55.965894,244.931517,56.916219,226.500321,0,0,0,0
20,0.02,0.950788527437515,26,2000,12,6,11,5,1,1,1,1,6.18263230689472e-06,6.1470685545836e-06,6.18115676524617e-06,6.15325936416644e-06,123.888033,429.750648,114.229182,417.473324,0,0,0,0
20,0.02,0.847903658205835,26,2000,17,4,11,3,1,1,1,1,1.31479384805289e-05,1.10642879012014e-05,1.11520042942903e-05,1.10434364353839e-05,114.603659,425.394726,107.492148,388.333092,0,0,0,0
20,0.02,0.863742168817688,26,2000,8,5,7,4,1,1,1,1,1.54165456692655e-05,1.54031676852997e-05,1.54100862929326e-05,1.53954773014976e-05,112.671822,424.81005,100.428618,415.082879,0,0,0,0
20,0.02,0.907705997136751,26,2000,14,6,10,4,1,1,1,1,2.19937345351792e-05,2.18146670407167e-05,2.1863766326803e-05,2.17815367356766e-05,121.239829,439.959692,107.793416,410.687892,0,0,0,0
20,0.02,0.93710452271965,26,2000,15,11,14,3,1,1,1,1,2.67946545069319e-05,2.68780394041067e-05,2.69696207556577e-05,2.69576563301272e-05,117.404586,444.331538,115.505544,437.897226,0,0,0,0
20,0.05,0.700121856720719,27,500,43,25,32,16,3,3,3,3,0.00121188003407825,0.00119574360138419,0.00111642238578419,0.00105776135956281,27.514576,132.699971,25.677469,127.13863,0,0,0,0
20,0.05,0.820536066328783,27,500,13,3,4,3,8,8,8,8,0.00426089427360246,0.00425773134447708,0.00425780820051381,0.00425786477002164,25.118567,132.397195,26.118189,124.506639,0,0,0,0
20,0.05,0.776408671650195,27,500,3,1,0,0,8,8,8,8,0.00356879985613429,0.00356790908092895,0.0035633901436862,0.0035633901436862,24.72441,123.758488,24.927114,125.517251,0,0,0,0
20,0.05,0.801311486586629,27,500,37,22,34,16,2,3,3,4,0.00143114180559216,0.00139340372624527,0.00143453913484208,0.00131201211808631,27.521091,132.530056,26.076702,126.880721,0,0,0,0
20,0.05,0.655546896029873,27,500,12,18,5,3,7,5,7,7,0.00348707456326825,0.00278138169995769,0.00348619405534771,0.00348305569445335,26.200219,128.241698,25.000713,129.093099,0,0,0,0
20,0.05,1.13093994579096,27,1000,47,32,45,16,3,3,3,3,0.000914766009157775,0.000897146828498506,0.000912059113950838,0.000860458439955093,49.885087,238.282213,46.519193,222.318247,0,0,0,0
20,0.05,0.940576645851973,27,1000,37,16,24,10,3,3,3,3,0.000875926763881258,0.000800670991542937,0.000804073577878994,0.000794430870030249,46.7317,208.200831,39.922329,212.294514,0,0,0,0
20,0.05,0.736795968332077,27,1000,18,7,10,6,3,3,3,4,0.000813601280078857,0.000806897887693818,0.000807403340087499,0.000812719578795793,45.183226,218.314156,46.350831,205.084609,0,0,0,0
20,0.05,0.805072746528643,27,1000,33,9,31,4,3,4,3,4,0.000870147101708796,0.000838490279799594,0.000846607743153708,0.000833444729832548,44.303356,213.31698,45.603567,209.200791,0,0,0,0
20,0.05,0.702686079654277,27,1000,18,9,14,4,2,2,3,4,0.000869929051485849,0.000863643796300021,0.000876837576742818,0.000858950281187224,45.971247,202.668312,41.069677,191.666922,0,0,0,0
20,0.05,0.759083201327235,27,2000,24,4,21,3,3,4,3,4,0.000922633715314074,0.000907047629959908,0.000921249111845581,0.000903949857548622,76.010785,325.816196,70.964474,321.774843,0,0,0,0
20,0.05,0.868719484205605,27,2000,25,33,21,24,3,0,3,1,0.00077337351552764,0.000107999938148534,0.000773069375195205,9.98004507724592e-05,85.255941,370.903373,88.517585,368.393108,0,0,0,0
20,0.05,0.837915440043164,27,2000,42,22,32,20,1,1,1,1,0.000141836290652579,0.000126619862259913,0.000127945622604633,0.000102129338574177,81.022452,346.262159,72.531857,310.515446,0,0,0,0
20,0.05,0.868492338645102,27,2000,17,8,13,4,3,3,3,3,0.000829118186026696,0.000828542262830106,0.00082912686478635,0.000827644904142937,82.130596,361.333677,77.780053,334.534636,0,0,0,0
20,0.05,1.08863389417153,27,2000,3,0,3,0,12,12,12,12,0.00901287084635788,0.00901273959245427,0.00901287084635788,0.00901273959245427,69.179069,309.88734,63.413089,312.024867,0,0,0,0
20,0.01,0.699235933971042,28,500,14,5,13,2,0,0,0,0,1.03623428548655e-05,9.9718013260542e-06,1.0362295351989e-05,9.370384775454e-06,32.471053,133.734931,30.847814,135.875216,0,0,0,0
20,0.01,0.616509781065064,28,500,9,4,7,1,0,0,0,1,3.86430691350991e-05,3.81452181295833e-05,3.62595650718712e-05,0.000337301706370929,35.038255,133.791513,29.749866,131.120246,0,0,0,0
20,0.01,0.594400377318767,28,500,15,7,13,3,0,0,0,0,3.18057284130781e-05,3.14868727903566e-05,3.17251102631873e-05,3.13113555359644e-05,35.60659,145.962286,28.383413,119.432523,0,0,0,0
20,0.01,0.723303781361276,28,500,28,13,16,9,0,0,0,0,0.000129280228911455,4.11858843858054e-05,1.68195051321742e-05,1.35944676844189e-05,30.875187,147.696072,30.772961,134.365866,0,0,0,0
20,0.01,0.908143141703282,28,500,17,13,15,7,0,0,0,0,0.000121453484859639,0.000121454812274057,0.000121478125123852,0.00012179505621454,30.244146,147.370644,29.767157,129.06722,0,0,0,0
20,0.01,0.758528403303209,28,1000,19,8,13,0,0,0,0,0,5.84666412382564e-05,6.02168307781457e-05,6.04173500178524e-05,3.59181743678367e-05,62.76114,263.182013,60.612911,247.864198,0,0,0,0
20,0.01,0.837589985256986,28,1000,13,10,11,8,0,0,0,0,8.38233414372613e-06,8.58372983458785e-06,8.52057344274128e-06,8.54889977685625e-06,60.118492,237.192185,50.598468,225.043698,0,0,0,0
20,0.01,0.888719807312892,28,1000,13,7,7,5,0,0,0,0,1.08172965887873e-05,1.0700972631209e-05,1.06872275380778e-05,1.06748567130107e-05,56.750801,253.923796,57.783507,292.75838,0,0,0,0
20,0.01,0.665943243663323,28,1000,8,4,3,3,0,0,0,0,6.30678557382188e-06,6.91013165921891e-06,6.88398073964382e-06,6.88398073964382e-06,72.842479,291.776345,70.831418,252.538377,0,0,0,0
20,0.01,0.687239466869783,28,1000,6,4,4,2,0,0,0,0,2.90042017227996e-05,2.89685973710973e-05,2.89685973710973e-05,2.8933191812638e-05,65.708739,240.189376,53.185808,237.14423,0,0,0,0
20,0.01,0.900082850837841,28,2000,16,7,13,4,0,0,0,0,7.03503371590839e-07,8.07192177658109e-07,7.00507137032836e-07,7.88583736447912e-07,106.971284,397.559772,94.562963,373.069625,0,0,0,0
20,0.01,0.713090114009551,28,2000,12,6,4,1,0,0,0,0,2.79238461576515e-06,2.7459021850511e-06,2.83323770001226e-06,2.77829679555907e-06,107.846817,431.308813,97.413972,376.589053,0,0,0,0
20,0.01,1.02679482787864,28,2000,14,9,11,7,0,0,0,0,9.91241613810026e-06,9.78722026490206e-06,9.89848234585959e-06,9.78102370059065e-06,100.515049,404.99155,97.520033,380.494857,0,0,0,0
20,0.01,0.795981686726339,28,2000,6,4,0,0,0,0,0,0,8.26801091752325e-06,7.38891122752804e-06,7.34595400649476e-06,7.34595400649476e-06,104.081098,414.400199,99.804765,374.649127,0,0,0,0
20,0.01,1.1305884059594,28,2000,17,5,13,2,0,0,0,0,1.41048701228257e-05,1.41269366819057e-05,1.41310116297487e-05,1.41187895870526e-05,119.36994,410.515377,101.608189,391.727185,0,0,0,0
20,0.02,1.32423672964566,29,500,10,17,6,2,2,1,2,2,0.00147533635804293,0.000123789577819198,0.00147532243700984,0.00147523211120094,34.237082,148.274905,36.94494,138.287547,0,0,0,0
20,0.02,1.37192405835732,29,500,17,19,28,12,2,1,1,1,0.00148885592460311,0.000179274813672858,0.00020208188521747,0.000162405028409103,39.128712,147.207376,38.275282,148.679594,0,0,0,0
20,0.02,0.93150793991763,29,500,14,23,9,14,2,1,2,1,0.001559255746224,0.000259748637369671,0.00155591363935515,0.000175250679528046,36.6991,154.879108,37.129179,159.957127,0,0,0,0
20,0.02,1.36204798160846,29,500,23,6,15,5,1,1,1,1,0.000206046543883332,0.000118873195112113,0.000122336937042621,0.000118868405746586,35.62834,156.862301,42.690124,160.168355,0,0,0,0
20,0.02,1.14057375909531,29,500,15,22,10,19,2,1,2,1,0.00152119433016833,0.000255448116223465,0.00152113099867714,0.000198328989613233,35.544479,162.37102,32.633546,136.318162,0,0,0,0
20,0.02,1.43065023809175,29,1000,21,13,18,6,1,1,1,1,1.20140430655088e-05,9.015844470468e-06,8.93464981750731e-06,8.677267708266e-06,70.524689,260.019855,66.994809,233.147417,0,0,0,0
20,0.02,1.43733156189074,29,1000,24,12,21,7,1,1,1,1,6.90808579685523e-05,4.62423406919257e-05,5.08557463763461e-05,4.16859201992218e-05,58.596799,254.521304,55.506966,259.385155,0,0,0,0
20,0.02,1.15973730595191,29,1000,22,12,20,10,1,1,1,1,3.94449465068985e-05,3.72345126568682e-05,3.87966140554792e-05,3.88237038924564e-05,63.075848,249.907468,56.095562,260.168658,0,0,0,0
20,0.02,1.44132295122417,29,1000,24,17,23,16,1,1,1,1,6.01042149700643e-05,6.92127997754094e-05,5.72118242676021e-05,7.05559083724823e-05,71.083584,297.19297,66.418135,271.577494,0,0,0,0
20,0.02,1.09243170462066,29,1000,28,11,13,5,1,1,1,1,4.70718203081236e-05,2.30518751942857e-05,2.91327991202859e-05,2.03105405403128e-05,59.936103,273.737873,58.698442,236.498566,0,0,0,0
20,0.02,1.06728755866916,29,2000,13,5,13,2,1,1,1,1,9.49099264737927e-06,8.61764350396276e-06,9.44773896179587e-06,8.59495345487768e-06,112.488263,426.804803,103.592619,423.337375,0,0,0,0
20,0.02,1.19666800136922,29,2000,18,9,8,3,1,1,1,1,1.73372364590414e-05,1.63569215525109e-05,1.74061149574739e-05,1.64020399248617e-05,102.097298,406.292005,94.559926,402.264957,0,0,0,0
20,0.02,1.12582613073439,29,2000,14,8,6,6,1,1,1,1,4.25257790704071e-05,4.25566101833253e-05,4.24251226375003e-05,4.24251226375003e-05,108.046529,412.871115,101.29054,382.164632,0,0,0,0
20,0.02,1.23308971824058,29,2000,16,8,10,5,1,1,1,1,4.83363814847871e-06,3.7215794960824e-06,3.72806871142975e-06,3.69649080348773e-06,125.215938,478.189303,111.925537,424.858845,0,0,0,0
20,0.02,1.26873002247991,29,2000,16,4,12,3,1,1,1,1,6.77728842748364e-05,6.66512133209235e-05,6.77638622358071e-05,6.66459183765305e-05,120.713264,403.569299,101.208192,382.419751,0,0,0,0
20,0.05,1.15796608369555,30,500,25,14,16,10,5,5,7,6,0.00101696687579973,0.000630867302848002,0.00232396556586152,0.000961787847560629,25.852872,124.01177,25.271339,130.688168,0,0,0,0
20,0.05,1.24707823991018,30,500,68,26,18,11,2,3,8,7,0.000955415500938141,0.00042403173235059,0.00224308984956059,0.000998381870940928,30.68315,131.479118,36.646141,193.082818,0,0,0,0
20,0.05,1.20006904347157,30,500,30,24,27,15,5,4,7,4,0.00107319851307499,0.000667503226131725,0.00105725569563023,0.000561956443288714,45.244383,196.518692,35.83294,187.700322,0,0,0,0
20,0.05,1.18327914326709,30,500,42,23,31,13,2,2,5,4,0.000560066570508187,0.000470391674240531,0.000756216349950977,0.000483172511731759,38.472877,186.01604,44.013434,193.161274,0,0,0,0
20,0.05,0.88960204864451,30,500,18,9,21,8,7,6,6,6,0.00186922514891899,0.00120146080832816,0.00120827647536917,0.00118092742689363,36.032581,178.891338,37.828359,170.894174,0,0,0,0
20,0.05,1.17029355678609,30,1000,42,17,34,7,2,2,2,4,0.000190700971089464,0.00016149471028149,0.000131359484236629,0.000444206258955986,61.171174,253.287449,70.114947,244.436442,0,0,0,0
20,0.05,1.08632585803825,30,1000,36,18,37,18,1,1,1,1,0.000312993481590832,0.000289245402318067,0.000313075764577577,0.000288145497301534,57.351732,243.807576,60.530162,224.036351,0,0,0,0
20,0.05,1.15016372104339,30,1000,29,20,22,12,1,1,1,3,0.000142673863624719,0.000117896072946611,9.57554799767469e-05,0.000382945001666366,50.108792,225.734133,50.370335,220.24508,0,0,0,0
20,0.05,1.12300249207614,30,1000,27,16,30,6,2,1,2,5,0.000190167194726154,0.000174019011563442,0.000204135346818316,0.000456948708337578,54.265702,237.19948,53.84771,229.965913,0,0,0,0
20,0.05,1.0195008497174,30,1000,25,17,18,17,3,3,5,3,0.000253875567289537,0.000252676393190647,0.00087873763121003,0.0002604362445848,51.970362,233.044776,51.017002,200.250441,0,0,0,0
20,0.05,1.16188163142536,30,2000,21,17,15,3,2,0,2,3,0.0001477915920731,9.83408941943249e-05,0.000147253556995213,0.000146879802730158,81.186924,329.334598,71.139242,294.901942,0,0,0,0
20,0.05,1.19686348211716,30,2000,20,13,10,4,0,1,1,1,4.32040625566605e-05,7.47478074469758e-05,7.47908143177172e-05,7.40257892583237e-05,79.743433,333.958901,76.705524,329.634714,0,0,0,0
20,0.05,1.07601813761199,30,2000,22,11,18,11,2,2,2,2,0.000111555674780941,0.000110753029077817,0.0001107667218539,0.000110753029077817,84.642497,332.786079,76.371883,340.624949,0,0,0,0
20,0.05,1.19821128697788,30,2000,26,8,15,7,3,3,3,3,0.000165984970911368,0.000164238389051199,0.000164483594402059,0.000164351282283112,131.697746,546.864592,125.359498,509.012511,0,0,0,0
20,0.05,1.26164904942326,30,2000,36,11,17,6,0,2,2,2,7.83795623965601e-05,0.000152038184771175,0.000152066753748212,0.00015054711794869,123.356902,534.916098,110.850903,473.481579,0,0,0,0
